tree
version=v4
num_class=1
num_tree_per_iteration=1
label_index=0
max_feature_idx=9
objective=lambdarank
feature_names=resume_token_len job_token_len skill_overlap skill_precision skill_recall skill_f1 resume_experience_count resume_education_count requirements_coverage bm25_score
feature_infos=[1:2841] [0:49] [0:28] [0:1] [0:1] [0:1] [0:52] [0:14] [0:1] [-5.9718896087033446:57.58016964181008]
tree_sizes=3394 3412 3402 3394 3407 3391 3399 3414 3429 3436 3394 3423 3390 3408 3389 3412 3439 3418 3398 3416 3403 3375 3397 3386 3398 3416 3425 3414 3434

Tree=0
num_leaves=31
num_cat=0
split_feature=6 4 3 5 9 7 0 9 9 2 3 1 5 0 5 6 0 0 9 6 6 9 7 0 0 9 0 0 0 0
split_gain=8.18932 6.40822 4.66101 4.02429 3.35255 3.00836 3.08591 2.90807 5.0487 4.1387 2.71426 2.81074 2.76806 2.40483 2.84732 3.14412 2.11777 2.20305 2.05682 1.98157 1.97902 1.80003 1.67805 1.58902 1.32939 3.13927 1.28326 2.32749 1.2577 3.30193
threshold=8.5000000000000018 0.38675213675213682 0.5634920634920636 0.31174089068825916 12.150400059316121 2.5000000000000004 534.50000000000011 3.2109822513934412 0.96179332482331259 1.0000000180025095e-35 0.11180555555555556 8.5000000000000018 0.096006144393241191 261.50000000000006 0.15894736842105264 11.500000000000002 437.50000000000006 271.50000000000006 1.8202047010996059 31.000000000000004 19.500000000000004 1.1387606952295435 1.0000000180025095e-35 166.50000000000003 11.500000000000002 1.1646025938863918 32.500000000000007 54.500000000000007 108.50000000000001 170.50000000000003
decision_type=2 2 2 2 2 2 2 2 2 2 2 2 2 2 2 2 2 2 2 2 2 2 2 2 2 2 2 2 2 2
left_child=1 2 4 5 24 7 16 8 9 19 12 18 -3 14 15 -9 17 20 -12 22 28 -10 23 -2 25 -1 -24 -28 -7 -30
right_child=3 10 -4 -5 -6 6 -8 13 21 -11 11 -13 -14 -15 -16 -17 -18 -19 -20 -21 -22 -23 26 -25 -26 -27 27 -29 29 -31
leaf_value=-0.0053202097246360424 0.0021853395818197652 0.033415694206803216 -0.08931085068381453 0.089916688156706087 0.059483724869189507 -0.017468958598653023 -0.085249012936461768 -0.090006106827470525 0.097492427361143844 -0.070791367178083361 0.022549869748344803 0.0077328221206437011 -0.066320112131797823 -0.071089798383724881 0.08765452540739184 0.036142920038441016 0.055853144962539104 -0.07581916798655694 0.082496323491796988 -0.036597761496803674 -0.059316341920257247 0.039149884262488305 0.041558532460934369 0.067577525894701784 -0.00087232236781395597 0.058590957949168049 -0.013761838420381476 0.012073319162536364 0.076520295601115423 -0.011158671394809878
leaf_weight=257.73034990958695 1.4581114593893278 1.6246336896438145 1.5136024322127912 1.5649408358149219 2.2484008342726147 3.4956017499789578 1.3469609934836615 1.0145633155480021 1.7598848314955819 1.5515839742729429 2.0512431859970075 3.2359981733607128 1.2166869482025502 1.8981490303995086 0.71810499299317587 0.96255339588969935 1.2614818289875973 1.2222605240531255 4.731476382818073 2.1296114346478126 1.4010672750882793 5.3140284680703189 3.374869011109694 2.5601392108947039 1117.7997098385677 1.935817778808995 9.3372868066653592 131.39763842610409 1.7403926639817653 2.8034576539648697
leaf_count=4388 26 37 34 10 41 52 26 32 14 30 25 49 37 51 7 49 14 23 40 31 20 92 66 29 19998 39 192 2027 27 89
internal_value=9.5946e-11 -0.0012905 -0.0016176 0.0100894 -0.0015214 0.00938263 -0.0135118 0.0112412 0.0123751 0.0104511 0.0338417 0.0460746 -0.00929235 -0.0279797 0.00238116 -0.0285908 -0.00540841 -0.0126561 0.0643672 0.0112901 -0.00447838 0.0536646 0.0119785 0.0438485 -0.00162098 -0.00484375 0.0110899 0.0103592 0.00507845 0.0224243
internal_weight=1572.4 1394.09 1381.23 178.313 1379.71 176.748 13.2712 163.477 158.883 151.809 12.86 10.0187 2.84132 4.59337 2.69522 1.97712 11.9243 10.6628 6.78272 150.258 9.44052 7.07391 148.128 4.01825 1377.47 259.666 144.11 140.735 8.03945 4.54385
internal_count=27595 24688 24500 2907 24466 2897 251 2646 2507 2401 188 114 74 139 88 81 225 211 65 2371 188 106 2340 55 24425 4427 2285 2219 168 116
is_linear=0
shrinkage=0.05


Tree=1
num_leaves=31
num_cat=0
split_feature=3 9 0 4 8 6 6 0 0 0 9 6 0 9 8 6 0 0 0 0 0 9 6 0 6 0 0 3 6 9
split_gain=17.2076 8.67604 8.66079 8.19386 8.03923 5.61215 6.6611 13.2054 9.15475 13.7212 12.7126 9.19031 6.90971 13.4362 13.9671 6.51498 7.59571 6.65347 7.59219 7.1395 5.76177 5.72647 5.68635 12.3453 6.49947 5.49763 8.83703 4.58371 6.3481 6.09345
threshold=0.34848484848484856 4.4038344853922089 1.5000000000000002 0.39444444444444454 0.91287878787878796 31.000000000000004 23.500000000000004 255.50000000000003 317.50000000000006 252.50000000000003 0.64086858790712531 13.500000000000002 399.50000000000006 1.5922189061310223 0.63068181818181823 18.500000000000004 248.50000000000003 139.50000000000003 221.50000000000003 111.50000000000001 411.50000000000006 1.8493432362606019 12.500000000000002 522.00000000000011 7.5000000000000009 754.00000000000011 1143.0000000000002 0.26136363636363641 3.5000000000000004 3.5668284538465183
decision_type=2 2 2 2 2 2 2 2 2 2 2 2 2 2 2 2 2 2 2 2 2 2 2 2 2 2 2 2 2 2
left_child=2 3 -1 4 -2 6 8 -8 9 15 11 -11 21 14 20 16 27 19 -19 -17 -14 -10 23 -22 -25 -24 -27 29 -29 -4
right_child=1 -3 5 -5 -6 -7 7 -9 12 10 -12 -13 13 -15 -16 17 -18 18 -20 -21 22 -23 25 24 -26 26 -28 28 -30 -31
leaf_value=-0.025882731286425011 -0.082871011184388235 0.063515495368363137 1.297407388147198e-05 0.037806227280293328 0.026592053552763662 -0.043734541748937622 -0.0084718899031729234 0.036851359543853976 -0.017300141423945852 0.0012995453329001957 0.060862290299550093 0.034104564538566702 0.027057137877728777 0.044458179457547362 -0.078560932878273829 -0.020916816835466253 -0.051066739152447777 -0.066087955225917969 -0.0013912170479704351 0.032303926171658802 -0.046820744031783719 -0.069655623176418005 0.007578194412217013 0.045755239640174264 -0.010128375891427722 -0.049374604453018583 0.016399445715011736 -0.00079981577366603277 -0.066393197354988567 0.014957078567682662
leaf_weight=32.680447809863836 3.5675429576076594 15.253996914019806 4812.2328253806627 11.71918575465679 3.1657593082636595 7.3473675625864407 29.832845859229565 34.839912695577368 82.465100349392742 72.317324712872505 14.591495845699681 30.292614195961505 13.278353681787847 13.474005832336841 6.6261215186677864 18.872025724500421 7.2529303990304461 11.826369088143112 7.3546654656529418 9.4604651108384115 24.216748835053295 5.5759362457320085 69.845259417197667 6.113050944171845 34.947365033905953 12.106748004909605 8.8320523202419281 9.1849291753023845 6.1640757052227846 69.193183375056833
leaf_count=140 27 52 24990 14 15 35 75 92 306 300 70 69 34 66 16 64 25 36 19 17 117 43 164 26 131 38 13 45 35 521
internal_value=-2.07227e-10 0.0356152 -0.000220231 0.012551 -0.0314054 -6.54462e-05 -6.14864e-06 0.0159442 -0.000199099 0.000285002 0.0171941 0.0109843 -0.00904218 -0.00366331 -0.00734806 -0.00011523 6.32908e-05 -0.0185409 -0.041281 -0.00314595 -0.00456156 -0.020616 -0.00725181 -0.0185073 -0.00180846 0.000841291 -0.0216309 0.000139023 -0.0271418 0.000224804
internal_weight=5484.63 33.7065 5450.92 18.4525 6.7333 5418.24 5410.9 64.6728 5346.22 5068.74 117.201 102.61 277.481 189.44 175.966 4951.54 4904.03 47.5135 19.181 28.3325 169.34 88.041 156.061 65.2772 41.0604 90.7841 20.9388 4896.78 15.349 4881.43
internal_count=27595 108 27487 56 42 27347 27312 167 27145 26191 439 369 954 605 539 25752 25616 136 55 81 523 349 489 274 157 215 51 25591 80 25511
is_linear=0
shrinkage=0.05


Tree=2
num_leaves=31
num_cat=0
split_feature=3 2 1 9 5 5 9 1 3 0 0 0 6 1 9 3 8 0 9 6 1 0 9 5 0 0 0 6 1 8
split_gain=12.4841 7.62086 17.2998 21.0662 16.2232 14.5818 9.37953 20.7412 9.22988 8.98117 13.7515 11.9321 8.55002 16.6558 10.9735 14.72 15.161 15.7193 11.9581 8.97388 8.50131 8.15915 11.5499 7.83161 7.61084 9.46911 7.68904 7.44413 7.34615 7.23727
threshold=0.29705882352941182 2.5000000000000004 12.500000000000002 6.6637534957384936 0.080816326530612256 0.033060109289617494 3.3812777347855683 31.500000000000004 0.05634920634920635 74.500000000000014 107.50000000000001 118.50000000000001 9.5000000000000018 8.5000000000000018 0.9401366177351812 0.016807909604519777 0.91287878787878796 6.5000000000000009 0.91320995263836025 8.5000000000000018 20.500000000000004 73.500000000000014 8.5932901703408628 0.057233848953594187 238.50000000000003 77.500000000000014 58.500000000000007 11.500000000000002 10.500000000000002 0.29285714285714287
decision_type=2 2 2 2 2 2 2 2 2 2 2 2 2 2 2 2 2 2 2 2 2 2 2 2 2 2 2 2 2 2
left_child=1 4 -3 -4 5 6 12 21 -6 -10 -11 -12 14 -14 18 16 17 -16 19 -1 -5 -8 29 -7 25 26 -18 -15 -13 -23
right_child=-2 2 3 20 8 23 7 -9 9 10 11 28 13 27 15 -17 24 -19 -20 -21 -22 22 -24 -25 -26 -27 -28 -29 -30 -31
leaf_value=-0.00081167518180783624 0.027004022099183751 0.0072035598373013411 -0.074038550752088414 -0.03770727277512366 0.086607431608872951 -0.064773281586764583 0.050873430664550606 -0.10007655550248083 0.033167961522133589 -0.070136083078688918 0.084460892353790243 -0.051466240043532507 0.002805126968287421 0.07819119882653848 0.078897783116952752 0.088782129944265806 -0.003963193623903803 -0.036314231140748637 0.064199497687161905 -0.046823045777600068 0.056755453263671096 0.098049952561184359 -0.086881756847424899 -0.0070918459623382259 0.084033108916572327 -0.077802569388095044 0.068890291071864326 0.024733643159247691 0.043988558654924667 0.0090244231327299956
leaf_weight=4427.9752036861901 42.478852913714945 33.61761885881424 20.267189656849954 4.22067559417337 5.5680949222296467 13.32375921867788 23.795390008017421 3.2391370236873618 38.555965306004509 6.1765675330534604 4.6740185786038628 5.2660479904152435 845.10820621205494 8.7314283270388824 3.0858914852142325 3.1705086361616841 12.81161453668029 72.909926047548652 7.0606775153428307 10.622594399377702 5.4668082222342491 2.6995051056146684 2.7840843326412132 10.539590545929967 3.3235205616801968 3.1179552730172864 5.0489812078885725 25.623784257099032 3.2654740205034614 14.792437722673638
leaf_count=22659 150 124 88 35 15 86 155 42 244 22 11 53 2585 18 8 11 127 640 30 41 28 5 26 88 11 48 21 56 13 155
internal_value=-1.13522e-10 -0.000203862 -0.0174174 -0.0450491 -7.16031e-06 -0.000297301 -0.000127343 0.0220392 0.0251196 0.0192104 -0.00855473 0.0202484 -0.000320526 0.00419247 -0.001193 -0.0172899 -0.020643 -0.0316359 -0.000818364 -0.000921791 0.0155996 0.0310144 0.00770829 -0.0392974 0.0137335 0.00259627 0.0166316 0.03832 -0.0149305 0.0227636
internal_weight=5669.32 5626.84 63.5723 29.9547 5563.27 5499.76 5475.9 47.3106 63.5062 57.9381 19.3821 13.2055 5428.59 879.463 4549.13 103.468 100.298 75.9958 4445.66 4438.6 9.68748 44.0714 20.276 23.8633 24.3021 20.9786 17.8606 34.3552 8.53152 17.4919
internal_count=27595 27445 275 151 27170 26812 26638 383 358 343 99 77 26255 2659 23596 866 855 648 22730 22700 63 341 186 174 207 196 148 74 66 160
is_linear=0
shrinkage=0.05


Tree=3
num_leaves=31
num_cat=0
split_feature=4 1 5 5 9 0 2 0 1 0 8 0 0 0 6 7 7 6 0 0 0 9 0 0 0 0 0 0 0 6
split_gain=9.61916 6.52289 7.82128 6.26461 6.1339 22.1773 9.09685 7.02482 8.95926 6.19831 5.56189 5.52233 30.4144 12.9189 12.3393 7.06699 6.89077 6.49066 10.1614 8.58414 11.7368 11.8891 9.21385 8.55388 10.9942 12.8248 7.31319 7.20164 7.13912 9.20459
threshold=0.38675213675213682 8.5000000000000018 0.31174089068825916 0.12276295133437994 5.19233148440067 58.500000000000007 2.5000000000000004 75.500000000000014 10.500000000000002 103.50000000000001 0.44949494949494956 92.500000000000014 87.500000000000014 117.50000000000001 1.5000000000000002 2.5000000000000004 1.5000000000000002 4.5000000000000009 126.50000000000001 126.50000000000001 280.50000000000006 0.037031711944830327 310.50000000000006 258.50000000000006 181.50000000000003 183.50000000000003 121.50000000000001 399.50000000000006 138.50000000000003 1.0000000180025095e-35
decision_type=2 2 2 2 2 2 2 2 2 2 2 2 2 2 2 2 2 2 2 2 2 2 2 2 2 2 2 2 2 2
left_child=4 3 -3 -2 6 -6 11 8 -8 -9 -7 12 -1 14 -13 -16 -14 19 -19 26 21 23 -22 24 28 -26 -15 -24 -21 -30
right_child=1 2 -4 -5 5 10 7 9 -10 -11 -12 13 16 17 15 -17 -18 18 -20 20 22 -23 27 -25 25 -27 -28 -29 29 -31
leaf_value=-0.00063975365691547 0.0011111301596865026 -0.042703197066693649 0.018756968307472251 0.045177617831624731 0.05235562834621961 0.042878552531616487 0.0098876697572877394 0.035988302974293451 -0.091543643922014306 -0.03434619876677316 -0.036042908971652965 0.091459567167780836 -0.029770753249858051 -0.013545890583127837 0.012193372605419405 -0.031161161810908229 -0.074249515256081186 -0.023987225905361391 0.0030090181435871214 0.001857442661746745 0.041635053466163204 -0.060337908756694286 -0.063476971386621742 -0.054739450797664874 0.09463119803293174 0.0024403788432715377 0.044579118889987605 0.011987386532942641 0.048190540761282936 -0.037860736161432283
leaf_weight=4156.537499542319 11.448355994187294 7.662204438820484 15.955952135846017 27.292501836549491 22.20870369207114 2.6474783178418901 3.0808641351759452 5.128838279284536 7.4209835864603519 8.0470832251012308 14.238800459075717 4.8088941760361186 39.860546109382994 9.1988475141115504 269.19366315449588 9.7395996209233981 11.141592677915467 36.407671342836693 818.18898026854731 23.688347914023325 16.096026130020622 15.212283673929049 4.7989683465566477 11.320831177756189 4.2680660048499695 32.481418991344981 13.14388245041482 9.2651351180393231 3.3442220091819754 43.926806506351568
leaf_count=21228 64 32 39 82 114 25 7 10 61 42 239 10 215 49 1220 71 63 145 2870 130 28 90 34 32 10 282 64 30 3 306
internal_value=-1.33105e-10 0.0195291 -0.00118194 0.0321555 -0.000217646 0.0195182 -0.00035651 -0.0312821 -0.0617873 -0.0069679 -0.0236694 -0.000224159 -0.00111065 0.00259071 0.0120486 0.0106795 -0.0394873 1.36423e-05 0.00185892 -0.00843086 -0.0123828 -0.0187151 0.0158023 -0.0133956 -0.00905016 0.0131474 0.0206482 -0.0137626 -0.0205461 -0.031773
internal_weight=5657.76 62.359 23.6182 38.7409 5595.4 39.095 5556.3 23.6778 10.5018 13.1759 16.8863 5532.62 4207.54 1325.08 283.742 278.933 51.0021 1041.34 854.597 186.745 164.402 134.242 30.1601 119.03 107.709 36.7495 22.3427 14.0641 70.9594 47.271
internal_count=27595 217 71 146 27378 378 27000 120 68 52 264 26880 21506 5374 1301 1291 278 4073 3015 1058 945 853 92 763 731 292 113 64 439 309
is_linear=0
shrinkage=0.05


Tree=4
num_leaves=31
num_cat=0
split_feature=9 1 9 1 2 7 8 9 3 4 9 9 5 5 4 9 6 0 9 0 0 6 9 6 0 1 9 9 0 6
split_gain=9.11885 17.2533 6.33918 4.44421 10.1877 7.97495 9.69441 6.89863 6.06936 7.39736 4.45475 6.58266 4.94386 9.23444 6.59286 4.35195 6.80114 4.19902 8.59077 6.48886 5.73639 7.8633 11.1357 9.49707 9.78519 4.68602 4.19528 5.5374 4.15142 5.28185
threshold=2.457349258654133 7.5000000000000009 18.633046025206912 27.500000000000004 4.5000000000000009 1.5000000000000002 0.5634920634920636 14.500481156444552 0.21583850931677021 0.36931818181818188 7.5298611999131362 5.8907509418417732 0.091608391608391626 0.073400673400673425 0.28991596638655465 7.7307030629277413 3.5000000000000004 7.5000000000000009 0.45290504422789213 6.5000000000000009 9.5000000000000018 3.5000000000000004 -0.012995800660767293 1.0000000180025095e-35 8.5000000000000018 1.5000000000000002 5.19233148440067 3.4202089796714388 2.5000000000000004 1.0000000180025095e-35
decision_type=2 2 2 2 2 2 2 2 2 2 2 2 2 2 2 2 2 2 2 2 2 2 2 2 2 2 2 2 2 2
left_child=17 -2 3 5 7 8 -7 -5 10 -10 11 12 13 26 -14 -12 -17 18 19 28 21 22 -19 24 -24 -21 27 -3 -1 -30
right_child=1 2 -4 4 -6 6 -8 -9 9 -11 15 -13 14 -15 -16 16 -18 20 -20 25 -22 -23 23 -25 -26 -27 -28 -29 29 -31
leaf_value=-0.013212268695580568 0.049885357812577476 0.016026030296201466 0.057983398965011937 -0.088744712866842143 0.033789269343827248 0.075532173031166203 -0.002860308622247247 0.041794388701036918 -0.08088394684598027 0.00026983106755323297 0.082673424586250543 -0.059198940532237398 -0.079011678565642826 0.077519869257573981 0.0045081550494645538 0.036751003519044818 -0.061144376674479986 0.088649470014139295 0.039431331328435182 -0.014798755292493302 -0.00025261190806112453 0.056828730294487789 -0.040443772823644718 0.0094646156652580353 0.0074541615924526329 -0.066789126606112179 0.041879748029508307 -0.032045684681709097 0.0086426718113929487 -0.0056692860528434223
leaf_weight=73.508818212896585 25.583473867736757 12.508760789409285 5.1896059066057196 5.7032180279493314 4.1073856949806213 8.0767490966245514 7.7070240587927392 1.2304535284638403 5.0171345383860153 6.3772885035723448 3.0312114786356679 4.662705364637076 3.8446467220783216 4.6866094651632002 6.130563338752836 7.7421565386466664 2.3016103566624224 4.0046536810696116 10.65843530371785 96.229662279598415 5213.8841201617615 7.8680989993736139 21.527225322090089 184.11007797997445 21.128135384758934 4.5385077837854615 5.3732941588386884 11.496161728166042 109.41003245126922 156.93111802591011
leaf_count=341 104 134 30 139 12 23 69 7 83 26 9 78 68 19 27 36 54 8 31 434 23202 19 94 802 178 21 37 138 500 872
internal_value=-6.75739e-11 0.0130596 0.00410279 0.00130652 -0.0286131 0.00502009 0.0372541 -0.0655792 -0.00193302 -0.0354634 0.00425139 -0.00270541 0.0032758 0.0123412 -0.0276821 0.0301646 0.0143175 -0.000289271 -0.00492433 -0.00599729 9.43484e-05 0.00767491 0.00599901 0.00453941 -0.0167189 -0.0171404 0.00194347 -0.00699592 -0.00269328 0.00020991
internal_weight=6034.57 130.77 105.187 99.997 11.0411 88.9559 15.7838 6.93367 73.1721 11.3944 61.7777 48.7027 44.04 34.0648 9.97521 13.075 10.0438 5903.8 451.277 440.618 5452.52 238.638 230.77 226.765 42.6554 100.768 29.3782 24.0049 339.85 266.341
internal_count=27595 1093 989 959 158 801 92 146 709 109 600 501 423 328 95 99 90 26502 2199 2168 24303 1101 1082 1074 272 455 309 272 1713 1372
is_linear=0
shrinkage=0.05


Tree=5
num_leaves=31
num_cat=0
split_feature=6 9 1 0 9 0 0 9 9 1 1 4 5 2 2 7 0 0 7 6 0 1 0 0 0 1 5 0 0 6
split_gain=10.753 7.69208 7.40964 5.92687 14.3129 14.2842 11.8885 8.47676 5.62299 4.65733 4.1616 4.02485 7.00951 3.95586 4.10719 3.84837 5.62027 3.78857 13.6365 8.80001 3.75623 5.50661 5.74145 6.3246 3.67746 3.94709 3.62524 3.46535 3.41512 5.27099
threshold=1.5000000000000002 3.3812777347855683 7.5000000000000009 15.500000000000002 0.053352788735573024 14.500000000000002 13.500000000000002 0.65067747451494717 3.1108003293787863 18.500000000000004 1.0000000180025095e-35 0.2817460317460318 0.21525096525096529 4.5000000000000009 1.5000000000000002 1.5000000000000002 305.50000000000006 32.500000000000007 1.5000000000000002 1.0000000180025095e-35 27.500000000000004 3.5000000000000004 20.500000000000004 18.500000000000004 470.00000000000006 21.500000000000004 0.13914095583787059 43.500000000000007 96.500000000000014 3.5000000000000004
decision_type=2 2 2 2 2 2 2 2 2 2 2 2 2 2 2 2 2 2 2 2 2 2 2 2 2 2 2 2 2 2
left_child=3 8 27 5 17 6 7 9 11 -1 -7 12 -2 14 -13 16 -4 20 19 -19 21 22 23 -5 25 26 -17 -3 29 -16
right_child=1 2 15 4 -6 10 -8 -9 -10 -11 -12 13 -14 -15 28 24 -18 18 -20 -21 -22 -23 -24 -25 -26 -27 -28 -29 -30 -31
leaf_value=-0.010146438109932411 0.00042383519843169968 0.015181338731680935 0.005715663729340831 0.015465628312136524 -0.065242517721632393 -0.03579332051749666 0.033143890630806097 0.047197552863596101 -0.052136209881293687 0.029172889072964742 -0.086290058023126615 -0.0053584274932204799 -0.062253098097516217 -0.0090913330022205831 0.025907846738659996 0.065941857334007078 -0.065983102129006585 -0.0054298888048330204 0.043374469941746902 -0.064960278875782207 0.040926031144786837 -0.043999442097153639 -0.0035600465405925784 0.067343591034199249 0.078581006471921871 -0.028958188150641745 -0.0027629643320616561 0.059221199672147819 0.010675842415329545 0.083828805072221069
leaf_weight=431.69306978257373 5280.8524185721762 7.1468522027134922 58.228025854565203 24.784172107465565 7.1764572728425255 14.636927987448873 17.726218781899661 6.7022658269852391 5.0773933362215748 7.6649363823235026 5.6570698283612719 9.816697924397884 4.4645645767450324 13.313509020954369 11.2845318466425 4.5140925908926857 2.867832177784293 25.06946251122281 11.307443956611676 8.2511311885900778 11.279583112336693 4.4533384740352622 26.616316780913621 7.7003227579407385 3.1811173998285076 3.2275705961510539 3.3410826444160193 11.911470705643294 11.242423312738536 6.0251174038276067
leaf_count=1779 23948 22 560 127 71 68 88 34 82 21 21 59 19 23 48 35 64 83 25 47 36 10 116 41 8 47 17 34 44 18
internal_value=-4.64009e-11 0.000706673 0.0148535 -0.00629066 0.00333962 -0.00880999 -0.00701334 -0.00860917 0.000456635 -0.00946048 -0.0498696 0.00050667 0.000370891 0.0143921 0.0225406 0.00780962 0.00235013 0.00745957 -0.00407066 -0.0201713 0.0143358 0.00961653 0.0136566 0.0277631 0.031194 0.0175924 0.0367193 0.0427063 0.0321328 0.0460689
internal_weight=6047.21 5436.49 94.418 610.719 126.638 484.08 463.786 446.06 5342.08 439.358 20.294 5337 5285.32 51.6823 38.3688 75.3597 61.0959 119.462 44.628 33.3206 74.8337 63.5542 59.1008 32.4845 14.2639 11.0827 7.85518 19.0583 28.5521 17.3096
internal_count=27595 25028 787 2567 556 2011 1922 1834 24241 1800 89 24159 23967 192 169 731 624 485 155 130 330 294 284 168 107 99 52 56 110 66
is_linear=0
shrinkage=0.05


Tree=6
num_leaves=31
num_cat=0
split_feature=5 3 7 6 5 1 0 9 9 0 4 9 1 1 9 0 1 9 0 8 9 9 9 9 8 3 8 0 9 1
split_gain=5.3278 11.5864 5.79712 12.6926 5.67463 5.44622 4.54152 4.4877 4.28925 4.06716 5.35053 5.23724 4.28853 8.05543 8.18639 5.66011 3.48483 3.35999 8.09678 11.2716 6.17414 5.42221 10.0179 7.05864 10.0123 3.93602 3.68988 6.14696 6.46837 3.94691
threshold=0.080816326530612256 0.019890376900039558 1.5000000000000002 5.5000000000000009 0.057233848953594187 8.5000000000000018 3.5000000000000004 -0.1554418712208411 0.1558396710524558 102.50000000000001 0.11882352941176472 1.399536058436728 26.500000000000004 9.5000000000000018 0.35871692041367159 84.500000000000014 3.5000000000000004 2.8693922892273789 73.500000000000014 0.29285714285714287 2.9664886011235883 1.9665458839546068 1.927659484040217 2.200740360083778 0.38750000000000007 0.016216690042075741 0.91287878787878796 70.500000000000014 6.774513058136141 17.500000000000004
decision_type=2 2 2 2 2 2 2 2 2 2 2 2 2 2 2 2 2 2 2 2 2 2 2 2 2 2 2 2 2 2
left_child=1 6 7 -4 -3 -5 8 -2 16 12 -11 -12 13 14 -9 -15 -1 21 20 -20 -19 22 -8 -23 -25 -21 27 28 29 -22
right_child=2 4 3 5 -6 -7 17 9 -10 10 11 -13 -14 15 -16 -17 -18 18 19 25 26 23 -24 24 -26 -27 -28 -29 -30 -31
leaf_value=-0.0091814047516735227 -0.023213891340976359 -0.072508660543814371 -0.0064118374459106149 0.086479294210141167 -0.019070314246453585 0.03144240338863602 1.9265150133726543e-05 0.068521033850668753 0.033847395655469251 0.03624080957062778 -0.094880459122111085 -0.013610044771680374 0.05249140405095068 -0.016989708582196547 0.013079499155337218 0.050496563980427671 -0.042564739303259616 0.086594960422544998 0.080713913729823852 -0.020794325137016848 -0.0064835721306847676 -0.062325938499961424 0.061968958057673745 -0.097478274910384299 0.014636817787945559 -0.099872613294199664 0.043058762363269387 0.093923296300096021 0.04843880275627286 -0.074581731269695306
leaf_weight=110.40944102662615 13.382089540362356 7.1259759939275709 14.994296286720781 8.0337323565036076 16.403889732435346 10.204545840620993 5750.3405643773731 8.0371479662135226 5.4425742840394369 4.6438029739074436 2.275040032342079 15.407785850809885 6.1994532868266097 29.096190921030939 38.809860937530175 3.4783786591142407 8.413083582185207 4.0519024026580182 2.7043559434823718 13.386416149558498 6.7076155454851669 7.9677916355431107 6.5332703012973061 2.3821917865425339 12.13679033750668 1.7831662259995926 10.505917420610785 1.7121761566959328 3.8411615691147736 3.1163411377929151
leaf_count=462 40 102 76 17 104 36 25352 19 19 26 25 98 10 224 159 16 42 12 14 223 103 98 23 71 92 7 43 11 30 41
internal_value=-7.72769e-11 -0.000237091 0.00916529 0.0276676 -0.035254 0.0556855 -9.86463e-05 0.00409745 -0.00955697 0.00748319 -0.0115227 -0.0240661 0.0124392 0.0093128 0.0225911 -0.00978339 -0.0115451 0.000103054 0.0133037 -0.0133251 0.0292035 -6.14721e-06 8.95696e-05 -0.0245108 -0.00375839 -0.0300899 0.0202191 0.0046148 -0.00657515 -0.0280856
internal_weight=6129.53 5974.96 154.562 33.2326 23.5299 18.2383 5951.43 121.33 124.265 107.948 22.3266 17.6828 85.621 79.4216 46.847 32.5746 118.823 5827.17 47.8091 17.8739 29.9351 5779.36 5756.87 22.4868 14.519 15.1696 25.8832 15.3773 13.6651 9.82396
internal_count=27595 26849 746 129 206 53 26643 617 523 577 149 123 428 418 178 240 504 26120 484 244 240 25636 25375 261 163 230 228 185 174 144
is_linear=0
shrinkage=0.05


Tree=7
num_leaves=31
num_cat=0
split_feature=9 1 0 2 9 8 9 8 0 9 9 1 6 3 9 0 0 9 9 0 0 7 9 9 1 0 9 6 0 0
split_gain=6.82372 4.31242 4.18896 6.99821 4.86959 5.42512 3.88952 3.61139 3.52328 15.0742 4.83948 3.74758 13.4453 3.03747 2.74665 16.4798 17.931 14.6949 13.5673 6.93451 4.82638 3.69792 8.17992 22.0748 12.8288 7.30176 6.53497 5.40556 14.2628 12.0069
threshold=4.3491605784367637 7.5000000000000009 117.50000000000001 10.500000000000002 4.4038344853922089 0.44949494949494956 3.9310734690119182 0.47727272727272735 8.5000000000000018 0.64086858790712531 -0.030706350920624959 7.5000000000000009 1.5000000000000002 0.089898989898989909 -0.12859670584043631 45.500000000000007 23.500000000000004 -0.34457527099143564 -0.34457527099143564 437.50000000000006 63.500000000000007 1.5000000000000002 0.26701082646147928 0.15121899829401239 12.500000000000002 97.500000000000014 -0.012995800660767293 7.5000000000000009 66.500000000000014 48.500000000000007
decision_type=2 2 2 2 2 2 2 2 2 2 2 2 2 2 2 2 2 2 2 2 2 2 2 2 2 2 2 2 2 2
left_child=6 -2 7 4 -4 -6 8 13 9 10 -1 -12 -13 -3 15 16 18 -18 -10 20 -17 -16 23 26 -24 -26 -23 -28 29 -29
right_child=1 2 3 -5 5 -7 -8 -9 14 -11 11 12 -14 -15 21 19 17 -19 -20 -21 -22 22 24 -25 25 -27 27 28 -30 -31
leaf_value=0.03628038416396611 0.044840696579361031 0.005866206998029198 0.064385502217959092 0.084910310165295558 0.019398402700049264 -0.058918985566314121 -0.047577553142062558 0.022911038414126662 -0.022262872999113906 0.047555373318099316 -0.0046407712611999481 0.011581606426254172 -0.067352409884402817 -0.088216015413895968 -0.00013085139745906755 0.04875491344827499 -0.0084755660109621742 -0.080876303595772997 0.095782653998152667 -0.048027701699220139 0.007129474199168602 -0.039971827429592731 0.028176013884701208 -0.074339550060366702 -0.097028196307739553 -0.003630488951680506 0.007302048371796062 0.0011179082316172902 0.0019764713637744897 -0.063887154350869113
leaf_weight=7.0422918684780589 10.819291901774703 2.315648620948195 1.3247296512126894 1.6020098626613624 3.0658756447955948 7.9322964379098266 4.3243470473680636 37.741533745313063 6.2024387675337493 14.002152474597095 571.86018620501272 11.379734579473734 10.257942664436996 1.3627851069904862 4521.8087738812901 8.0874417889863235 11.445128155872224 18.079225219786171 4.0062965769320709 5.0751296132802954 50.120368816307746 8.7479633949697 61.244875809643418 9.3520577251911146 3.1161625874228758 6.3711792160756886 403.58314897969831 12.777345099020751 274.9987659684848 15.997100499458609
leaf_count=11 31 33 2 2 29 191 59 258 51 39 2502 54 49 27 20747 50 69 33 12 17 223 19 251 27 42 25 1689 50 864 139
internal_value=-1.32506e-12 0.0159699 0.010326 -0.0133982 -0.0261786 -0.0370871 -0.000174943 0.0183019 -0.000140981 -0.00372895 -0.00492469 -0.00541362 -0.0258393 -0.0289893 0.000265763 -0.0078206 -0.033059 -0.0528101 0.0240627 0.00802566 0.0129129 0.000422405 0.00356453 0.00198204 0.0197951 -0.0343074 0.00297877 0.00350995 -0.00152811 -0.0350215
internal_weight=6106.04 66.1642 55.3449 13.9249 12.3229 10.9982 6039.88 41.42 6035.56 614.542 600.54 593.498 21.6377 3.67843 5421.01 103.016 39.7331 29.5244 10.2087 63.2829 58.2078 5318 796.189 725.456 70.7322 9.48734 716.104 707.356 303.773 28.7744
internal_count=27595 573 542 224 222 220 27022 318 26963 2655 2616 2605 103 60 24308 455 165 102 63 290 273 23853 3106 2788 318 67 2761 2742 1053 189
is_linear=0
shrinkage=0.05


Tree=8
num_leaves=31
num_cat=0
split_feature=9 0 6 1 9 0 6 9 6 8 6 0 0 9 0 9 9 0 0 0 0 0 0 6 6 0 0 0 9 9
split_gain=6.05176 3.82356 6.85733 5.91634 5.59613 5.26692 3.45223 5.03668 13.6774 8.80832 4.92887 10.1253 22.8458 10.5775 10.0004 9.55966 10.2572 5.82159 10.1445 6.37434 12.2151 6.1822 6.83359 5.7979 9.17441 5.74957 8.88668 18.6609 8.89977 16.3678
threshold=2.8693922892273789 174.50000000000003 7.5000000000000009 7.5000000000000009 2.9664886011235883 43.500000000000007 9.5000000000000018 0.23226516987469978 12.500000000000002 0.38750000000000007 7.5000000000000009 40.500000000000007 28.500000000000004 0.8691791956027648 534.50000000000011 0.33747617755079873 0.17872555364528239 148.50000000000003 135.50000000000003 188.50000000000003 242.50000000000003 197.50000000000003 217.50000000000003 4.5000000000000009 5.5000000000000009 111.50000000000001 31.500000000000004 30.500000000000004 0.41195169579681301 0.27610117727658429
decision_type=2 2 2 2 2 2 2 2 2 2 2 2 2 2 2 2 2 2 2 2 2 2 2 2 2 2 2 2 2 2
left_child=6 3 -3 5 -5 -2 10 -8 9 -9 23 12 -12 14 15 16 17 18 -13 -19 21 -21 -23 25 -25 26 27 -1 29 -28
right_child=1 2 -4 4 -6 -7 7 8 -10 -11 11 13 -14 -15 -16 -17 -18 19 -20 20 -22 22 -24 24 -26 -27 28 -29 -30 -31
leaf_value=-0.000365734778782684 0.010471043470081509 -0.065750594149621755 0.0092587505052070928 0.06700922453663255 0.0060202244813107953 0.06554298220522127 0.0015694883856321189 0.060386276727849332 -0.0054961173853558878 0.010451795270934469 -0.061294144201248339 -0.013488269500765602 0.039323338933595436 0.045091476354291588 -0.076257864371314557 -0.071782809893308847 0.042452763691938643 0.011262036284122522 -0.067025507877065071 -0.083305876808013976 0.0050781808797042789 -0.0091055715873693578 -0.060650079561624527 0.047714621700040413 0.0034575903099599847 0.006563862720363637 -0.0046609280572086128 0.030548160884537219 -0.020453731692847681 0.035837219764250479
leaf_weight=2799.2501430893317 7.6056639589369324 4.1578999424818894 11.403550261631606 3.9910620185546568 65.301865855464712 10.115704320371149 770.34438362019137 19.314666521735489 38.313592601567507 16.27140664216131 7.0647337352856985 136.82766492874362 28.004967433866113 8.6982534579001349 5.729956720955669 6.0504865869879714 9.6322553623467666 51.626408984418958 9.4599928525276464 5.2605354264378539 49.590260857017711 21.360185998491946 9.1996096358634514 11.948515954427419 586.38179034425411 242.79160681646317 1110.664069314138 49.682875978527591 85.775207628728822 25.522782900370657
leaf_count=12857 33 95 131 24 646 31 2478 56 124 51 44 742 172 68 44 29 24 133 41 26 169 67 45 35 2445 1135 5016 203 546 85
internal_value=-2.92129e-11 0.012044 -0.0107832 0.0161263 0.00953301 0.0419072 -0.00020237 0.00276564 0.0152346 0.0375542 -0.000678696 -0.00642455 0.0190541 -0.00927531 -0.0108271 -0.00957326 -0.00828843 -0.0100135 -0.0169504 -0.00260835 -0.0109923 -0.0332405 -0.0246223 -0.000271031 0.00434139 -0.000910797 -0.00135659 0.000173376 -0.00492362 -0.0037512
internal_weight=6207.34 102.576 15.5615 87.0143 69.2929 17.7214 6104.77 844.244 73.8997 35.5861 5260.52 348.505 35.0697 313.436 304.737 299.007 292.957 283.325 146.288 137.037 85.4106 35.8203 30.5598 4912.02 598.33 4313.69 4070.9 2848.93 1221.96 1136.19
internal_count=27595 960 226 734 670 64 26635 2709 231 107 23926 1604 216 1388 1320 1276 1247 1223 783 440 307 138 112 22322 2480 19842 18707 13060 5647 5101
is_linear=0
shrinkage=0.05


Tree=9
num_leaves=31
num_cat=0
split_feature=3 0 9 0 0 6 3 0 1 6 9 9 9 1 8 6 0 1 0 1 1 0 9 9 9 9 8 5 6 5
split_gain=5.91556 4.57512 5.70846 4.30478 6.22477 5.12956 4.1728 3.77091 6.54601 6.32236 6.21644 8.06333 6.57549 4.0674 5.56143 4.02853 8.22623 6.9633 6.83738 4.05439 3.87788 3.85392 3.60064 8.74173 7.86887 6.9316 6.62148 4.47019 4.16744 3.77585
threshold=0.31698564593301443 792.00000000000011 0.07406726720894409 589.50000000000011 522.00000000000011 19.500000000000004 0.69047619047619058 15.500000000000002 25.500000000000004 1.0000000180025095e-35 0.0091406252931520125 0.22425124684177808 0.31907144515470925 2.5000000000000004 0.5634920634920636 3.5000000000000004 11.500000000000002 1.5000000000000002 9.5000000000000018 17.500000000000004 6.5000000000000009 13.500000000000002 -0.091843212464301563 -0.34457527099143564 -0.061546919148885729 -0.030706350920624959 0.23611111111111113 0.12834591626630065 3.5000000000000004 0.091608391608391626
decision_type=2 2 2 2 2 2 2 2 2 2 2 2 2 2 2 2 2 2 2 2 2 2 2 2 2 2 2 2 2 2
left_child=1 3 -3 4 7 -5 -2 8 10 13 15 -12 -13 -9 -15 19 18 -18 -17 20 -1 -22 23 27 -24 -26 28 29 -25 -11
right_child=6 2 -4 5 -6 -7 -8 9 -10 22 11 12 -14 14 -16 16 17 -19 -20 -21 21 -23 24 26 25 -27 -28 -29 -30 -31
leaf_value=-0.0029917431239026892 0.026938192756226387 -0.026805267174710191 0.018134052817263234 0.027488342767274094 -0.025660166332724284 -0.013481482825514694 -0.019378514445355276 0.013095399372104367 -0.051892841464994344 0.0050046699110017443 0.037079756963602217 -0.06793378491729625 0.005782393155364155 -0.078585070300440041 0.0053954317756084646 0.007530870909051063 -0.013683401323284253 0.045628636662064098 0.058517185406419883 0.02911446066774356 -0.010915365783245673 -0.048401614938259833 0.033528789388224275 -0.021796664863029707 -0.026871927397206615 0.00057180044945341916 -0.0076867697918401052 -0.055071692888213543 -0.068347640902194404 0.063092231731507672
leaf_weight=1356.7608363879262 31.664026694139466 31.738761874032207 9.0904987652320397 28.604634490795434 23.750540678855032 10.424149330705403 5.7451869510114184 136.63298816652969 6.5826616627164176 42.189003320294432 22.213175818324089 3.1835583932697764 60.784501415211707 2.9006750616244954 6.1533683389425278 14.311915982980281 33.906785720027983 5.7940503992140284 12.16397847328335 9.6088895536959154 37.474526607431471 8.3918400779366475 18.029075220227242 8.6756218336522597 23.127968400716782 4451.753199149447 22.310943841934204 2.9106600582599631 10.784301374107597 2.9963108599185935
leaf_count=5935 110 117 24 117 72 30 34 380 29 302 42 22 354 36 26 33 148 21 38 25 206 41 32 24 42 19259 53 16 20 7
internal_value=8.6143e-11 -0.000115822 -0.0167997 -8.7576e-06 -0.000110934 0.0165458 0.019825 -1.461e-05 -0.00213679 0.00069055 -0.00192745 0.0111262 0.00211369 0.0109448 -0.0215097 -0.00268839 0.00936881 -0.00502724 0.0309558 -0.00325339 -0.00347513 -0.017774 0.000364566 -0.00954511 0.000562779 0.00042996 -0.0262786 0.00498776 -0.0475943 0.00885655
internal_weight=6440.66 6403.25 40.8293 6362.42 6323.39 39.0288 37.4092 6299.64 1571.18 4728.46 1564.59 86.1812 63.9681 145.687 9.05404 1478.41 66.1767 39.7008 26.4759 1412.24 1402.63 45.8664 4582.78 89.8668 4492.91 4474.88 41.7709 48.096 19.4599 45.1853
internal_count=27595 27451 141 27310 27163 147 144 27091 6894 20197 6865 418 376 442 62 6447 240 169 71 6207 6182 247 19755 422 19333 19301 97 325 44 309
is_linear=0
shrinkage=0.05


Tree=10
num_leaves=31
num_cat=0
split_feature=9 9 3 1 0 1 1 5 2 6 6 9 9 9 7 9 0 9 0 9 9 0 0 0 0 0 0 6 0 6
split_gain=5.02371 3.74433 4.04249 7.45355 4.70566 4.72764 3.54981 11.9391 3.55746 3.45397 3.45385 6.94103 7.04957 5.46725 6.31049 3.67127 3.36735 3.91729 9.6556 3.54414 3.50504 5.81133 3.29929 3.28597 3.34771 8.73013 7.26096 10.8156 9.16583 11.4329
threshold=1.7097370285999423 1.465434152635255 0.093386627906976757 12.500000000000002 50.500000000000007 7.5000000000000009 21.500000000000004 0.25265957446808512 4.5000000000000009 13.500000000000002 3.5000000000000004 2.0796430235653149 2.3102750179335718 6.6637534957384936 1.5000000000000002 7.7307030629277413 87.500000000000014 2.200740360083778 23.500000000000004 2.7098472291433011 4.3491605784367637 45.500000000000007 22.500000000000004 754.00000000000011 157.50000000000003 167.50000000000003 138.50000000000003 15.500000000000002 148.50000000000003 13.500000000000002
decision_type=2 2 2 2 2 2 2 2 2 2 2 2 2 2 2 2 2 2 2 2 2 2 2 2 2 2 2 2 2 2
left_child=1 23 3 4 -3 -6 8 -8 9 10 16 -12 -13 14 -14 -15 17 18 -2 -19 21 22 -21 24 26 -26 -1 28 29 -28
right_child=6 2 -4 -5 5 -7 7 -9 -10 -11 11 12 13 15 -16 -17 -18 19 -20 20 -22 -23 -24 -25 25 -27 27 -29 -30 -31
leaf_value=-0.00023394950119027974 0.020020395038905747 -0.061390014506813168 0.028223271413403674 -0.096370349746765449 -0.032831322048418529 0.044897823859027929 -0.029818505535587493 0.055784291716688576 -0.012856597922095281 -0.015177588881806559 0.053601272391927739 -0.068620335982931518 0.013054796597596863 -0.0011458232310236089 0.055809208741845563 -0.094061445535945254 -0.036250668760990784 0.052075009600913026 -0.085568756506476398 -0.0060947113524571252 0.023853255206484764 0.04213250936454261 -0.070919686262969212 -0.015425224045845088 0.02240302512614626 0.0015594250236821816 -0.037665966970442707 -0.081626964684031231 0.0021409063761621658 0.04309667481787751
leaf_weight=5401.1511206896394 5.985433236230163 3.5837255939841288 3.194870024919509 3.6069404277950516 3.7450821162201464 4.0954325506463647 17.292686494998637 5.3282208591699591 13.326198483351616 9.1993466261774284 15.411635449156163 2.3881822973489752 30.340278111863881 3.3717097332701078 12.06166444136761 1.5526771466247735 4.1503308056853703 6.327279169112443 3.3921618037857115 4.4623684035614151 19.709531849715859 3.5735893270466477 3.5040942458435893 35.044503123383038 54.219806245993823 683.71580827131402 36.444804087746888 5.4765191405313081 64.981828931020573 4.9809314832091323
leaf_count=22767 69 25 12 38 28 16 254 10 80 81 68 27 256 62 42 50 62 73 48 48 105 64 46 138 191 2510 187 32 194 12
internal_value=1.29166e-10 -0.000222988 -0.0228529 -0.0337091 -0.0139252 0.0077699 0.00871108 -0.00965527 0.0117053 0.0143148 0.0166491 0.0242841 0.0151958 0.0194253 0.0252167 -0.0304425 0.00691918 0.010735 -0.0181744 0.0179496 0.01104 -0.0108441 -0.0346083 -0.000157374 -7.17783e-05 0.00309091 -0.000495113 -0.0131027 -0.00957589 -0.0279553
internal_weight=6465.62 6304.24 18.2261 15.0312 11.4242 7.84051 161.377 22.6209 138.756 125.43 116.231 65.1261 49.7145 47.3263 42.4019 4.92439 51.1048 46.9545 9.3776 37.5769 31.2496 11.5401 7.96646 6286.02 6250.97 737.936 5513.04 111.884 106.408 41.4257
internal_count=27595 26150 119 107 69 44 1445 264 1181 1101 1020 505 437 410 298 112 515 453 117 336 263 158 94 26031 25893 2701 23192 425 393 199
is_linear=0
shrinkage=0.05


Tree=11
num_leaves=31
num_cat=0
split_feature=9 0 5 9 1 0 9 6 1 1 0 6 7 1 6 0 6 6 0 0 0 7 0 0 9 0 6 6 6 9
split_gain=5.87037 4.70218 6.97023 3.96713 3.79045 2.92449 3.7564 8.69289 3.40738 5.50991 6.60956 3.27322 5.26452 4.58234 3.21293 2.89824 7.09629 5.23802 7.10276 7.93282 6.32868 3.44252 4.5576 4.41249 2.83639 2.76088 2.60708 3.47607 2.51924 3.57585
threshold=5.19233148440067 58.500000000000007 0.32200460829493094 8.5932901703408628 17.500000000000004 12.500000000000002 0.85532235728788863 1.0000000180025095e-35 11.500000000000002 7.5000000000000009 8.5000000000000018 1.0000000180025095e-35 1.5000000000000002 1.0000000180025095e-35 3.5000000000000004 10.500000000000002 1.5000000000000002 1.5000000000000002 6.5000000000000009 9.5000000000000018 1.5000000000000002 1.0000000180025095e-35 9.5000000000000018 9.5000000000000018 1.0950187899303498 5.5000000000000009 31.000000000000004 29.000000000000004 1.5000000000000002 0.69976224477417459
decision_type=2 2 2 2 2 2 2 2 2 2 2 2 2 2 2 2 2 2 2 2 2 2 2 2 2 2 2 2 2 2
left_child=5 4 3 -3 -2 6 8 -8 9 11 -11 -1 13 15 28 17 -17 18 20 -20 -13 22 -19 -23 -9 -10 27 -7 -15 -30
right_child=1 2 -4 -5 -6 26 7 24 25 10 -12 12 -14 14 -16 16 -18 21 19 -21 -22 23 -24 -25 -26 -27 -28 -29 29 -31
leaf_value=-0.0075280134023311927 0.019413178913289988 -0.0028080337014032997 0.044213082318489888 -0.063697090310062029 0.062718175360517367 0.00033226515854884001 0.073441220565502133 0.043789965295932168 -0.0058099799893585758 -0.075188953304183834 -0.0080946190562666068 0.018351455149043069 -0.053721149671760109 0.040464945560774852 -0.025713233947233623 0.045534603036694758 -0.0094991296121358058 0.014042803961226827 0.021000224666494958 -0.050945829916157863 -0.058484303802851446 -0.0037200310993239271 -0.015836744494108712 0.011188199676198737 -0.041261472982717609 0.02953289350461881 -0.032615212290227943 0.022755753399105929 0.010205127953974763 -0.0329305015368326
leaf_weight=264.0881472081528 14.73916144995019 9.6659702644683438 6.2776253055781117 3.6987196260597548 7.6891465997323385 5266.5681825731881 5.1530230939388257 1.3308338504284618 8.9041302055120486 5.7488191630691281 10.153937792405484 3.3647512793540981 4.7270562555640927 6.4148093927651635 6.65526508539915 6.0537876524031153 180.67010696209036 82.194774672621861 14.278757070191206 5.2364388620480886 13.16777291591279 295.12762075359933 15.108085189945994 59.667699638521299 3.7212807778269053 14.56306665856391 5.984175444871652 17.340028904378414 104.93959003151394 5.0350067503750315
leaf_count=1346 104 179 23 106 30 22075 18 8 34 58 42 14 17 33 23 20 735 349 61 24 140 1177 54 295 61 58 34 34 419 24
internal_value=7.37883e-11 0.0186162 0.000754143 -0.0196593 0.0342595 -0.000122256 -0.00244781 0.0277484 -0.00272641 -0.00313498 -0.0323491 -0.00269946 -0.00111075 -0.000799076 0.00807482 -0.002417 -0.00771488 -0.000390468 -0.0187329 0.00169521 -0.0428464 0.00107205 0.00940345 -0.00121284 -0.0188571 0.0161228 0.000368497 0.000405852 0.0100069 0.00823023
internal_weight=6448.27 42.0706 19.6423 13.3647 22.4283 6406.2 1116.3 10.2051 1106.1 1082.63 15.9028 1066.73 802.642 797.914 123.045 674.87 186.724 488.146 36.0477 19.5152 16.5325 452.098 97.3029 354.795 5.05211 23.4672 5289.89 5283.91 116.389 109.975
internal_count=27595 442 308 285 134 27153 5010 87 4923 4831 100 4731 3385 3368 499 2869 755 2114 239 85 154 1875 403 1472 69 92 22143 22109 476 443
is_linear=0
shrinkage=0.05


Tree=12
num_leaves=31
num_cat=0
split_feature=9 9 1 1 9 1 9 9 0 8 0 6 9 9 8 0 9 0 6 7 1 0 1 1 0 9 9 0 7 0
split_gain=4.99876 5.08272 4.98451 4.86766 2.92527 6.35154 3.93164 7.39739 4.76429 4.05579 8.13644 3.67525 3.99128 3.61644 3.53661 3.24895 2.89304 2.7655 2.51539 6.34472 3.42342 6.89984 5.86476 4.66171 4.14671 4.86778 4.64345 4.20474 5.1328 5.59709
threshold=3.3812777347855683 3.0214557362260375 10.500000000000002 7.5000000000000009 1.7097370285999423 18.500000000000004 2.0687233111207481 2.200740360083778 51.500000000000007 0.38750000000000007 24.500000000000004 3.5000000000000004 2.596509108000467 2.3789178390359491 0.63068181818181823 252.50000000000003 18.633046025206912 74.500000000000014 1.5000000000000002 2.5000000000000004 4.5000000000000009 10.500000000000002 8.5000000000000018 10.500000000000002 11.500000000000002 0.45290504422789213 0.053352788735573024 32.500000000000007 1.5000000000000002 66.500000000000014
decision_type=2 2 2 2 2 2 2 2 2 2 2 2 2 2 2 2 2 2 2 2 2 2 2 2 2 2 2 2 2 2
left_child=1 4 -3 -2 18 6 9 -8 11 10 -6 12 -9 -10 -11 -15 -5 -7 19 20 24 22 -22 -23 25 -1 27 -26 29 -29
right_child=3 2 -4 16 5 17 7 8 13 14 -12 -13 -14 15 -16 -17 -18 -19 -20 -21 21 23 -24 -25 26 -27 -28 28 -30 -31
leaf_value=-0.0081153877710010459 0.035562631880687159 -0.0013147188401050128 -0.079539024522314955 0.0032328560843501511 0.054277559581556625 -0.063444672921267292 -0.063687900076920975 0.047371383221045275 0.038278505241087453 0.071757422457000425 -0.082046104880081336 0.076385731302060278 -0.038881217362540563 -0.045124288286548221 0.026482133035223721 0.006929850562137671 0.043254878232676458 0.013294163436415988 9.6540447322605505e-05 0.046552260657707713 -0.043300513343612901 -0.018260799220329114 0.013198403136966097 -0.088710783198941656 0.0065690085269239241 0.036237508776817237 -0.032637861871098274 -0.0086609052242455041 0.018147448598061802 -0.055272346356579898
leaf_weight=277.56897441484034 17.371197603642941 4.1580474181100708 3.9912667581811547 65.315577929955907 2.1819063406437662 3.8742818702012292 3.619116012472662 3.4805854710284638 3.7993244656827292 5.8863025642931488 2.1963061278220266 4.0786790442653 2.1821257031988353 5.6857766630128008 16.140111308544874 6.340204730629921 4.8507464225403956 1.6845063809305427 5676.3774240021012 6.2858664398081592 6.6794632989913287 4.4085862757638079 14.705216662958263 5.024125793017447 185.97441454022191 6.3272547554224721 9.4324255241081101 28.241203329060227 12.210870467126368 8.3431370672769827
leaf_count=1497 56 37 81 710 27 73 67 41 33 16 25 19 39 67 93 16 30 15 23617 31 67 35 72 27 606 17 29 92 23 37
internal_value=4.6191e-11 -0.000164595 -0.0396264 0.0118662 -0.000113572 0.0107692 0.0158649 0.00321725 0.0126881 0.0298448 -0.0141085 0.0401985 0.0141339 -0.0042462 0.0385814 -0.0176809 0.00599966 -0.0401901 -0.000220191 -0.00340116 -0.00396296 -0.0201619 -0.00444892 -0.0557844 -0.00301767 -0.00712689 0.00175949 0.00314148 -0.00992194 -0.0192907
internal_weight=6398.42 6310.88 8.14931 87.5375 6302.73 61.1492 55.5904 29.1858 25.5667 26.4046 4.37821 9.74139 5.66271 15.8253 22.0264 12.026 70.1663 5.55879 6241.58 565.202 558.916 30.8174 21.3847 9.43271 528.098 283.896 244.202 234.77 48.7952 36.5843
internal_count=27595 26799 118 796 26681 531 443 282 215 161 52 99 80 116 109 83 740 88 26150 2533 2502 201 139 62 2301 1514 787 758 152 129
is_linear=0
shrinkage=0.05


Tree=13
num_leaves=31
num_cat=0
split_feature=9 9 9 6 9 3 9 1 1 1 1 6 4 2 0 9 9 6 9 9 0 4 0 0 6 4 6 7 6 0
split_gain=5.53696 2.57711 4.51209 3.8746 3.28685 3.88942 7.69569 7.03686 5.7236 3.5345 4.33287 4.57672 3.74952 2.92539 2.58495 2.45242 6.42831 6.1897 4.66045 4.55269 4.37346 3.52364 3.24945 4.35968 3.3212 6.7872 2.73164 5.6761 5.13067 11.7483
threshold=1.7097370285999423 1.8493432362606019 1.927659484040217 5.5000000000000009 1.9665458839546068 0.1012820512820513 2.200740360083778 26.500000000000004 6.5000000000000009 15.500000000000002 12.500000000000002 3.5000000000000004 0.24621212121212124 3.5000000000000004 56.500000000000007 1.1192594725008247 1.080436619028817 5.5000000000000009 1.3019309510926924 1.2188768701704393 754.00000000000011 0.16904761904761909 64.500000000000014 51.500000000000007 16.500000000000004 0.12250000000000001 9.5000000000000018 1.0000000180025095e-35 13.500000000000002 236.50000000000003
decision_type=2 2 2 2 2 2 2 2 2 2 2 2 2 2 2 2 2 2 2 2 2 2 2 2 2 2 2 2 2 2
left_child=15 3 -3 -2 -4 6 -6 13 -7 10 11 -10 14 -8 -11 16 20 -18 19 -17 26 22 23 -20 25 -24 -1 -28 -29 -30
right_child=1 2 4 -5 5 8 7 -9 9 12 -12 -13 -14 -15 -16 18 17 -19 21 -21 -22 -23 24 -25 -26 -27 27 28 29 -31
leaf_value=-0.00049489959068077527 -0.0050823411813095565 -0.059193552667088714 0.039048683383819401 0.054529858573132708 -0.053058825888276789 0.049670304082105654 0.011222300097346292 -0.053370029083002084 0.017893847748496981 0.054204482379192391 -0.058156158746065549 -0.04830779100384551 -0.010156253158400614 -0.035048367012931896 0.015624744318908718 -0.015960932827891489 -0.0086664485983019256 0.075802964793968294 -0.0087712851271687774 -0.071623439750647319 -0.018486664726268351 0.028527683017563976 -0.082604255028256246 0.049910115687631804 0.0072969256517598918 0.012083715274934971 0.029888917789901749 0.0056824478991183841 -0.011679868473061593 0.0077713628293546435
leaf_weight=5371.5966625837027 4.3763097068294865 2.4886322543025008 8.3999311435036343 7.2275637183338404 6.3766372557729474 10.769341398030518 61.634545430075377 4.9169612606056026 12.419603212270887 8.2457098620943778 3.4151762472465625 3.3055531329009673 6.6866737809032193 3.6163899188395581 9.1707692951895279 13.412265384569766 3.6152516249567253 5.4204130787402391 13.042808137834077 5.0592038892209521 32.517408238491043 8.1619187127798778 5.0393345351330918 4.1793665047734967 4.3152936398982993 3.0307053867727518 18.759817099198699 414.41176717763301 170.03929668158526 142.8401955536101
leaf_count=23058 41 32 32 24 119 28 683 147 58 44 46 51 41 37 62 100 38 17 116 76 136 36 58 24 7 10 43 1475 548 408
internal_value=6.15493e-11 0.00939522 0.00753687 0.0320476 0.00873197 0.00678142 -0.000467995 0.00431129 0.017055 0.00893246 -0.00710871 0.00397774 0.0216708 0.00865785 0.0338901 -0.000231349 -0.000136443 0.042006 -0.010625 -0.0312065 -0.000198357 -0.000559416 -0.00857787 0.00546914 -0.0281107 -0.0470442 -0.000101148 0.00273387 0.00203344 -0.00279972
internal_weight=6368.49 153.05 141.446 11.6039 138.957 130.557 76.5445 70.1679 54.0128 43.2435 19.1403 15.7252 24.1032 65.2509 17.4165 6215.44 6159.2 9.03566 56.2409 18.4715 6150.17 37.7694 29.6075 17.2222 12.3853 8.07004 6117.65 746.051 727.291 312.879
internal_count=27595 1445 1380 65 1348 1316 986 867 330 302 155 109 147 720 106 26150 25723 55 427 176 25668 251 215 140 75 68 25532 2474 2431 956
is_linear=0
shrinkage=0.05


Tree=14
num_leaves=31
num_cat=0
split_feature=9 0 0 0 1 4 2 1 4 5 6 3 0 9 9 6 5 0 1 6 6 0 7 0 0 1 0 0 6 6
split_gain=4.69675 2.8323 6.74018 3.20307 2.72781 2.85973 4.98853 7.50934 3.84629 7.52757 2.41198 4.7998 4.735 5.49337 3.82215 3.57359 2.52749 2.34562 14.5155 8.52804 5.54569 7.64179 7.29258 6.4521 3.57932 7.26381 5.60746 5.55822 3.06383 3.46173
threshold=1.7097370285999423 623.50000000000011 580.50000000000011 677.50000000000011 8.5000000000000018 0.24621212121212124 4.5000000000000009 27.500000000000004 0.15587044534412958 0.26201372997711675 3.5000000000000004 0.04124149659863946 46.500000000000007 8.292521744118476 1.9665458839546068 7.5000000000000009 0.13484848484848488 335.50000000000006 1.0000000180025095e-35 16.500000000000004 16.500000000000004 437.50000000000006 1.5000000000000002 493.50000000000006 292.50000000000006 2.5000000000000004 300.50000000000006 305.50000000000006 13.500000000000002 7.5000000000000009
decision_type=2 2 2 2 2 2 2 2 2 2 2 2 2 2 2 2 2 2 2 2 2 2 2 2 2 2 2 2 2 2
left_child=1 2 17 -3 10 6 7 8 -6 -10 12 14 -2 -14 -12 -16 -13 24 20 -20 -19 22 -22 -23 -1 26 -26 -28 29 -29
right_child=4 3 -4 -5 5 -7 -8 -9 9 -11 11 16 13 -15 15 -17 -18 18 19 -21 21 23 -24 -25 25 -27 27 28 -30 -31
leaf_value=-0.00016424226694888489 0.015972818043181208 -0.039930903345970312 0.034264506017849354 -0.0063844783931136162 0.014713900297162193 -0.013043062784889817 0.073085942127446943 -0.049914007028030803 -0.076043244448592909 0.023703189364536543 0.033384505404497077 0.0755423116426336 -0.079180398268472521 0.043306625240844658 0.015634751441445431 -0.051303966563704784 0.032386467783344884 -0.0052726406071444435 -0.052833574905347624 0.0085117395338154163 -0.035650950638933525 0.072008909724884843 0.027262388659103794 0.011111378623120071 0.034237617713374649 0.058195079736037207 -0.041622143703434117 0.025502464284154831 0.023524386252480791 -0.014696167060899197
leaf_weight=5904.2938361946726 20.657509441021833 8.3991341977380198 14.22760809608735 46.564859051955864 57.73388410359621 20.308074865490198 2.843214262276887 5.6207260228693476 3.5661614676937452 4.0277879741042852 7.2766430322080868 5.1034583286382249 2.9879586023744187 1.3196573406457899 4.1257203873246908 3.8585617053322494 10.121262497268615 94.594426353927702 22.566010598093275 7.5644466392695895 9.3361901119351387 8.7081746757030505 9.0915692690759897 8.6899423301219922 13.575291734188793 7.3426631931215516 7.5178054124116889 7.1520118112675872 14.674798199906943 21.322656329255551
leaf_count=25090 138 51 45 182 613 128 12 169 61 10 28 37 77 8 70 58 36 391 72 15 27 22 19 23 43 12 17 37 35 69
internal_value=1.21853e-11 -0.000211012 -0.000110034 -0.0115108 0.00875595 0.00357223 0.00814489 0.00554242 0.0103138 -0.0231383 0.0175527 0.0269895 0.00602924 -0.041656 0.00717337 -0.0167147 0.0468527 -0.000189733 -0.0061537 -0.0374324 0.00107249 0.0178261 -0.00461186 0.0415921 -2.95021e-05 0.0110838 0.00569913 -0.00194719 0.00496526 -0.00459944
internal_weight=6355.17 6205.62 6150.66 54.964 149.551 94.0998 73.7918 70.9486 65.3278 7.59395 55.4508 30.4856 24.9651 4.30762 15.2609 7.98428 15.2247 6136.43 160.551 30.1305 130.42 35.8259 18.4278 17.3981 5975.88 71.5852 64.2426 50.6673 43.1495 28.4747
internal_count=27595 26150 25917 233 1445 993 865 853 684 71 452 229 223 85 156 128 73 25872 569 87 482 91 46 45 25303 213 201 158 141 106
is_linear=0
shrinkage=0.05


Tree=15
num_leaves=31
num_cat=0
split_feature=9 8 9 1 6 9 9 6 8 8 0 1 7 9 9 6 0 0 0 0 6 0 6 0 9 9 6 0 0 0
split_gain=4.57719 4.93907 4.09856 3.68572 2.86342 4.72704 5.79447 3.99457 3.36475 4.59074 3.78186 3.67168 6.86853 4.03081 6.03196 3.43475 16.1582 7.4379 5.90243 7.25567 6.21833 9.27133 5.64984 7.34738 4.95209 4.68657 4.52647 12.4276 5.14861 4.40092
threshold=1.927659484040217 0.19090909090909094 3.7365518767330759 6.5000000000000009 9.5000000000000018 0.96179332482331259 1.1387606952295435 8.5000000000000018 0.72077922077922085 0.47727272727272735 623.50000000000011 1.5000000000000002 1.5000000000000002 -0.012995800660767293 -0.25815623844919505 13.500000000000002 236.50000000000003 267.50000000000006 167.50000000000003 179.50000000000003 21.000000000000004 157.50000000000003 16.500000000000004 195.50000000000003 0.23226516987469978 0.053352788735573024 16.500000000000004 300.50000000000006 452.50000000000006 108.50000000000001
decision_type=2 2 2 2 2 2 2 2 2 2 2 2 2 2 2 2 2 2 2 2 2 2 2 2 2 2 2 2 2 2
left_child=4 2 -2 -3 7 8 -7 -1 9 10 11 13 -13 14 -6 24 18 -18 20 -20 21 -17 23 -21 25 -15 27 -19 -28 -22
right_child=1 3 -4 -5 5 6 -8 -9 -10 -11 -12 12 -14 15 -16 16 17 26 19 22 29 -23 -24 -25 -26 -27 28 -29 -30 -31
leaf_value=-0.00056129098837330658 -0.089618644013446061 0.02868054587175238 0.042157502721019577 0.0067057274293597854 0.013960478489010454 0.072368407797537532 0.0072954333674793842 -0.047283163319180227 -0.023851898438883655 0.03051872592478019 -0.013419830167500613 -0.030645246260946026 0.019517900008303949 0.0068614074182227801 -0.062204845729706859 -0.0059187891387144087 0.040535894602972189 0.067762095692042473 -0.082793598149532577 -0.0020884287048638216 -0.0053144942490895236 0.05532799547966976 0.0061273495261179364 -0.075876414748603793 0.040116995410719059 -0.037040093239436002 0.0038606311154641367 -0.01269820101220169 0.036980616213624487 -0.060677983447931211
leaf_weight=5431.5922793021891 2.1982062407769258 23.176115772454068 0.80656882002949704 108.00239526573569 4.8158617381704971 5.3247110731899729 9.5685573108494264 4.5786347100511184 12.27271312382072 14.380796292796729 37.74139486963395 20.603628749027848 10.203229571692647 369.64198624447454 5.6482093632221204 89.611742527922615 20.87820011889562 5.4241022150963536 5.5580575515050468 6.3140170704573411 6.332965715089812 6.6365714222192755 11.502387911314143 7.2444704179652035 11.038655361160634 6.1807047165930262 26.664854024071246 41.653706304728985 20.955910205841064 8.2860352842253615
leaf_count=23560 76 110 13 1149 89 14 39 41 42 27 168 77 27 1238 12 313 56 15 37 15 25 14 47 27 36 21 75 147 55 30
internal_value=9.96695e-11 0.00913632 -0.0542461 0.0105882 -0.000197711 0.00266749 0.0305606 -0.000600643 0.0021133 0.00254549 0.00198904 0.00283778 -0.0140312 0.00363193 -0.0271514 0.00413217 -0.000347623 0.0135221 -0.0116775 -0.0311103 -0.00631062 -0.00169566 -0.0196478 -0.0415143 0.00710892 0.00613941 0.0075664 -0.00342791 0.0184354 -0.0366945
internal_weight=6334.84 134.183 3.00478 131.179 6200.65 764.483 14.8933 5436.17 749.59 737.317 722.937 685.195 30.8069 654.388 10.4641 643.924 257.063 115.577 141.486 30.6189 110.867 96.2483 25.0609 13.5585 386.861 375.823 94.6986 47.0778 47.6208 14.619
internal_count=27595 1348 89 1259 26247 2646 53 23601 2593 2551 2524 2356 104 2252 101 2151 856 348 508 126 382 327 89 42 1295 1259 292 162 130 55
is_linear=0
shrinkage=0.05


Tree=16
num_leaves=31
num_cat=0
split_feature=9 1 0 1 0 0 9 6 0 0 0 9 9 9 0 0 7 0 6 6 1 0 7 0 0 1 6 6 1 1
split_gain=3.97212 3.17116 3.22928 3.50545 3.11094 14.6161 6.92483 6.15506 5.49643 10.5954 11.3447 6.1335 7.07691 6.82673 6.87782 5.50708 5.36273 5.07456 5.74103 8.0116 5.00159 4.9475 5.13887 4.70935 8.22484 8.09965 7.4675 5.83556 5.11571 8.30411
threshold=5.19233148440067 7.5000000000000009 58.500000000000007 17.500000000000004 107.50000000000001 103.50000000000001 0.75095783570415031 5.5000000000000009 91.500000000000014 69.500000000000014 57.500000000000007 1.0371229737742145 0.37604294304707925 0.20755812324941195 71.500000000000014 82.500000000000014 1.5000000000000002 63.500000000000007 13.500000000000002 7.5000000000000009 1.5000000000000002 62.500000000000007 1.5000000000000002 46.500000000000007 45.500000000000007 1.0000000180025095e-35 11.500000000000002 1.0000000180025095e-35 10.500000000000002 4.5000000000000009
decision_type=2 2 2 2 2 2 2 2 2 2 2 2 2 2 2 2 2 2 2 2 2 2 2 2 2 2 2 2 2 2
left_child=4 -2 3 -3 5 8 -6 -7 9 10 23 12 13 14 16 -16 -11 21 19 -19 -8 -12 -23 24 26 -26 -1 -25 29 -29
right_child=1 2 -4 -5 6 7 20 -9 -10 11 17 -13 -14 -15 15 -17 -18 18 -20 -21 -22 22 -24 27 25 -27 -28 28 -30 -31
leaf_value=-0.00032827178586901682 0.053549684988344629 0.0083853445335065162 -0.00666944358209516 0.052466517706139949 0.0012606059876049854 -0.0095355757465131006 0.053444956237053469 -0.043847844368678876 0.008121549027844335 -0.042069226053644625 0.010941297300899464 0.017224741328450751 -0.061310240528384678 0.024793539067023449 -0.0034844708109422989 -0.019828137396123581 0.0042019601477542223 -0.0033024073029143627 -0.041810327179457762 0.025648763113238535 0.012533222542099723 0.043362311925354835 -0.0072194519679542714 0.04852053802484297 0.012791796583250362 0.075353234314971734 -0.039848647133086099 -0.0068541289994883403 0.01705317513032837 -0.055226070756392742
leaf_weight=3796.6734303093399 4.8588517643511286 12.878231290960686 15.453269119141622 6.9406615300104013 1102.2892776655499 25.776503195986152 8.5221089879050833 26.513646830106154 183.95716633321717 28.811157769756392 142.25325649778824 19.96471065399237 6.9391689859330645 13.283900067210196 159.30395575030707 76.194592134677805 8.0007851980626565 90.528291211929172 7.1294971792958668 32.465886518824846 60.542847034404986 24.563098379177976 6.3116032117977729 4.8509026924148193 36.327586342347786 6.0327558098360887 11.990640119882299 354.2170290350914 21.46719245845452 9.1004536787513626
leaf_count=16747 13 99 300 30 4238 110 36 99 696 132 623 119 50 32 669 425 27 439 31 121 377 105 28 18 108 33 64 1650 111 65
internal_value=7.99266e-11 0.0156803 0.0104637 0.0238228 -0.000100457 -0.000634851 0.00222291 -0.0269336 -0.000362021 -0.000683372 -7.09091e-05 -0.00958895 -0.0114189 -0.0102067 -0.0119141 -0.0087724 -0.0320125 0.00927165 0.00181106 0.00433962 0.0175814 0.0148791 0.0330221 -0.000739 -0.000209001 0.0217015 -0.000452692 -0.00597733 -0.00666437 -0.00806576
internal_weight=6304.14 40.131 35.2722 19.8189 6264.01 5092.66 1171.35 52.2902 5040.37 4856.41 4543.91 312.498 292.534 285.594 272.31 235.499 36.8119 303.252 130.124 122.994 69.065 173.128 30.8747 4240.66 3851.02 42.3603 3808.66 389.636 384.785 363.317
internal_count=27595 442 429 129 27153 22502 4651 209 22293 21597 20143 1454 1335 1285 1253 1094 159 1347 591 560 413 756 133 18796 16952 141 16811 1844 1826 1715
is_linear=0
shrinkage=0.05


Tree=17
num_leaves=31
num_cat=0
split_feature=4 4 0 6 9 1 9 9 9 7 1 0 6 5 9 8 8 0 9 0 5 3 5 1 4 3 4 0 5 8
split_gain=4.81331 4.07999 4.72143 4.04343 5.64595 9.64469 5.57829 4.54963 10.8395 4.14864 8.97556 3.82142 3.68028 3.67097 3.32964 3.79006 3.65886 3.66982 3.23985 3.00198 2.93304 4.81493 3.52289 5.489 3.96051 3.04546 4.45956 2.89782 2.6778 2.47963
threshold=0.38675213675213682 0.43650793650793657 61.500000000000007 4.5000000000000009 0.61775183344681406 2.5000000000000004 0.51240776750739958 0.37900327638478448 0.36392305513589746 1.5000000000000002 6.5000000000000009 56.500000000000007 5.5000000000000009 0.083920187793427248 4.5078931894471372 0.82575757575757591 0.61250000000000016 101.50000000000001 7.1382496654668506 274.50000000000006 0.31174089068825916 0.31698564593301443 0.13914095583787059 6.5000000000000009 0.12771739130434787 0.1012820512820513 0.093073593073593086 236.50000000000003 0.083920187793427248 0.095454545454545472
decision_type=2 2 2 2 2 2 2 2 2 2 2 2 2 2 2 2 2 2 2 2 2 2 2 2 2 2 2 2 2 2
left_child=3 2 -2 20 6 11 7 8 12 10 -7 -6 -5 -11 15 16 28 -18 -16 -9 21 22 25 -24 -25 29 -27 -13 -12 -1
right_child=1 -3 -4 4 5 9 -8 19 -10 13 14 27 -14 -15 18 -17 17 -19 -20 -21 -22 -23 23 24 -26 26 -28 -29 -30 -31
leaf_value=-0.0006815489687451051 0.072003182146718359 0.0069214548012566032 0.012707414201776339 0.029075095233838562 0.079247240463311455 -0.069544049006562234 -0.048363621193280359 0.054743904536152292 -0.071152736250481657 0.010622472889661366 0.021520059985908436 0.015741173277121132 0.0011687202061402299 0.055066247286564521 -0.050894082525514597 0.029623895926920642 -0.090429348533470802 -0.0040206888600077878 0.0069715936701628678 0.0068610469688256213 -0.036072801794244179 0.032106364542275383 0.0080667450513002073 0.0033871942322273411 -0.05988562011563632 -0.009169495426604125 0.04501180955199572 0.057200948288690573 -0.027262642655788628 -0.0062510966782829197
leaf_weight=4187.1497241661418 5.910639261826871 42.3922314113006 7.7707185400649905 11.901138208806513 5.2141396552324322 4.7017191257327786 5.6557361907325676 6.5280456412583572 5.1683221273124209 20.473275641328659 10.742300787474962 11.66850729333237 1622.2879007172887 6.0101621982175848 4.9740885014180076 14.713511361740528 2.1362240163143715 2.8926249765790999 4.7088923252886161 6.5653320737183094 5.9304712675511828 11.030896642711012 9.2956483140587824 3.397157529834657 9.0931769229937327 6.7525179162621489 8.6792821260169131 6.5976491197943679 3.8111434318125239 209.85811399354134
leaf_count=18601 16 160 41 35 12 43 40 25 21 126 85 56 6258 28 104 89 29 19 72 17 25 62 31 45 78 48 32 18 26 1353
internal_value=-3.43893e-11 0.0145835 0.0383245 -0.000131726 0.00189948 0.0135208 0.00120811 0.00137777 0.00114331 0.00478249 -0.00388169 0.0414933 0.00137195 0.0207086 0.00313819 0.0104484 -0.00395942 -0.0407266 -0.0227537 0.0307343 -0.000933383 -0.000886503 -0.000968579 -0.0210254 -0.0426765 -0.00086955 0.0213036 0.0307162 0.00874522 -0.000947369
internal_weight=6264.01 56.0736 13.6814 6207.94 1756.75 98.6442 1658.11 1652.45 1639.36 75.1639 48.6805 23.4803 1634.19 26.4834 43.9788 34.2958 19.5823 5.02885 9.68298 13.0934 4451.19 4445.26 4434.23 21.786 12.4903 4412.44 15.4318 18.2662 14.5534 4397.01
internal_count=27595 217 57 27378 7103 707 6396 6356 6314 621 467 86 6293 154 424 248 159 48 176 42 20275 20250 20188 154 123 20034 80 74 111 19954
is_linear=0
shrinkage=0.05


Tree=18
num_leaves=31
num_cat=0
split_feature=8 0 0 8 1 4 4 3 0 3 0 0 1 0 0 0 1 1 0 9 5 0 0 0 0 8 0 0 1 1
split_gain=3.76122 4.28385 9.43961 5.95594 3.53404 2.47064 5.56544 4.76112 4.70908 4.6076 4.39414 3.28993 2.61969 5.93535 7.6208 13.4268 10.3168 9.13854 7.82961 5.0597 8.96634 5.96543 4.97229 7.2925 4.30849 6.65692 4.46748 6.59824 4.0083 6.98855
threshold=0.59166666666666679 14.500000000000002 20.500000000000004 0.91287878787878796 5.5000000000000009 0.14550264550264552 0.11882352941176472 0.14946808510638301 71.500000000000014 0.068381063705435438 42.500000000000007 43.500000000000007 2.5000000000000004 20.500000000000004 49.500000000000007 39.500000000000007 32.500000000000007 6.5000000000000009 261.50000000000006 0.037031711944830327 0.083920187793427248 22.500000000000004 64.500000000000014 129.50000000000003 23.500000000000004 0.23611111111111113 26.500000000000004 25.500000000000004 25.500000000000004 21.500000000000004
decision_type=2 2 2 2 2 2 2 2 2 2 2 2 2 2 2 2 2 2 2 2 2 2 2 2 2 2 2 2 2 2
left_child=5 -2 3 -3 -5 6 12 8 -7 -10 -8 -9 -1 28 15 16 19 18 22 24 21 -21 -16 -24 25 -15 27 -26 29 -14
right_child=1 2 -4 4 -6 7 10 11 9 -11 -12 -13 13 14 17 -17 -18 -19 -20 20 -22 -23 23 -25 26 -27 -28 -29 -30 -31
leaf_value=1.2883412937332792e-05 -0.032222155749067873 0.084629188667537256 0.0041018919622474257 0.044328128996276826 -0.0029583718954871324 0.059648285082900078 -0.0011805652648157294 0.0066906269672726178 0.038442932828005011 -0.028000986737767242 -0.0869419643541125 -0.052115909233859219 0.0027701372978431588 -0.071351423137128236 -0.0036887331298680868 -0.067254129081286945 0.04959350180252918 0.0086115328655767751 0.011342557886140343 0.004520243563815733 0.03087066356333323 -0.058977534613434315 -0.091076225178447837 -0.024833583347275839 -0.013308340932710628 0.011734681523800479 -0.011388024203788797 0.061196209766094772 -0.024361483867868593 0.061411026266931804
leaf_weight=5570.7816613559844 7.0570883343461892 5.3514010503422496 210.31669498374686 9.0701200859621185 7.001276032999157 7.7066563095431837 2.7177368588745585 7.6573524156119657 5.7331507652997953 4.7884042384102941 3.3159039448946714 3.4498644424602389 161.8675495358184 6.0462826415896398 7.4088040236383703 12.936344590038059 6.1755467876791945 79.263086095685139 12.062703490257261 4.5806400794535937 4.4095423500984898 19.21394209889695 7.1816582246683565 9.8573643546551448 5.8895967062562686 4.0094022899866104 33.541487618116662 5.9981339313089848 12.856552572920917 5.2453675866127005
leaf_count=23876 48 20 1293 37 39 32 28 31 33 29 26 34 800 56 32 112 41 416 34 25 21 216 37 40 25 9 127 16 46 16
internal_value=-8.33722e-11 0.00615392 0.00732258 0.0389414 0.0237284 -0.000244731 -0.000315794 0.0142302 0.029954 0.00820402 -0.0483124 -0.0115745 -0.00026728 -0.00418336 -0.00972011 -0.0196279 -0.0127719 -0.000922512 -0.0216206 -0.017374 -0.0346176 -0.0467537 -0.0378848 -0.0527537 -0.00860866 -0.0382233 -0.0020535 0.0242841 0.00254106 0.00461077
internal_weight=6243.49 238.797 231.739 21.4228 16.0714 6004.69 5975.36 29.3354 18.2282 10.5216 6.03364 11.1072 5969.33 398.544 218.575 102.801 89.8646 115.774 36.5105 83.689 28.2041 23.7946 24.4478 17.039 55.4849 10.0557 45.4292 11.8877 179.969 167.113
internal_count=27595 1437 1389 96 76 26158 25999 159 94 62 54 65 25945 2069 1207 648 536 559 143 495 262 241 109 77 233 65 168 41 862 816
is_linear=0
shrinkage=0.05


Tree=19
num_leaves=31
num_cat=0
split_feature=9 0 5 9 1 3 0 0 0 0 6 6 9 6 7 6 6 6 0 6 0 0 7 0 0 9 0 6 6 1
split_gain=2.35105 3.02174 5.78628 2.912 2.43803 2.8919 2.10753 6.16482 10.1344 8.97767 7.80813 5.8027 3.56646 5.58841 6.15736 3.55489 3.5153 5.54197 4.22196 4.324 3.48862 6.10725 6.1494 11.853 11.4341 9.13506 7.38452 7.01602 6.89978 5.01699
threshold=5.19233148440067 58.500000000000007 0.32200460829493094 8.5932901703408628 19.500000000000004 0.2817460317460318 91.500000000000014 190.50000000000003 181.50000000000003 202.50000000000003 5.5000000000000009 24.500000000000004 -0.012995800660767293 15.500000000000002 1.5000000000000002 19.500000000000004 16.500000000000004 19.500000000000004 1065.5000000000002 21.000000000000004 68.500000000000014 54.500000000000007 1.5000000000000002 59.500000000000007 58.500000000000007 0.26701082646147928 61.500000000000007 5.5000000000000009 3.5000000000000004 2.5000000000000004
decision_type=2 2 2 2 2 2 2 2 2 2 2 2 2 2 2 2 2 2 2 2 2 2 2 2 2 2 2 2 2 2
left_child=6 4 3 -3 5 -2 15 8 11 10 -9 -8 13 14 -11 20 -14 -18 19 -19 21 -1 23 -23 25 27 -25 28 -24 -28
right_child=1 2 -4 -5 -6 -7 7 9 -10 12 -12 -13 16 -15 -16 -17 17 18 -20 -21 -22 22 24 26 -26 -27 29 -29 -30 -31
leaf_value=-0.00072836166504085254 0.026583269395972178 -0.0074903735552591978 0.037887860660875843 -0.061932624883010767 0.062216840214578323 -0.026079014271992679 0.003428080058453012 0.0178037981485305 0.025657953110380056 0.012882820535766252 -0.033594927133532133 -0.038485048979592193 -0.0016906747390727337 -0.07905609970900869 -0.051069765502444367 -0.026404274416863889 0.031833345188411778 -0.011811780699410645 -0.033948685101177066 0.014623400454651662 -0.0057143842296120432 0.020049313788041631 -0.070780577613322668 -0.016734050341040869 0.0085807471674914492 0.0090428159849862688 0.0093714277598821016 -0.092430658300544866 0.011334103026908109 -0.020452142089511512
leaf_weight=4077.1960245171795 14.713156418874865 9.4012635864783096 5.9882426168769589 3.3248226190917185 3.626003677956759 3.1682570565026245 755.63189888140187 9.2191626802086812 52.610447283368558 10.929751504212623 37.219501291634515 8.3491465962724742 416.01233149168547 3.4494401514530173 5.7405035317642605 13.286747110774739 20.638982487842441 22.484232728136703 7.1337968902662388 49.578507408499718 301.1653631539084 133.73054559133016 4.918033953290438 46.265321210958064 40.004442782024853 8.305290184915064 131.30586505727842 7.2141948128119102 5.3314175433479249 15.798075763043014
leaf_count=18310 80 179 23 106 15 39 3021 143 163 32 132 41 1627 12 74 63 61 70 17 163 1544 531 22 184 166 17 516 113 31 100
internal_value=-9.74654e-11 0.0120493 -0.00264248 -0.021714 0.0248332 0.0172525 -7.8377e-05 0.00162869 0.00443175 -0.00230148 -0.0233911 0.00297003 -0.000474187 -0.0211265 -0.00913964 -0.000577523 0.00033132 0.00875693 0.00274311 0.00637538 -0.000505602 -0.000154667 0.00579908 0.00860416 -0.00815096 -0.0341257 0.000688903 -0.0546557 -0.0280673 0.00616856
internal_weight=6223.74 40.2217 18.7143 12.7261 21.5074 17.8814 6183.52 1399 816.591 582.406 46.4387 763.981 535.968 20.1197 16.6703 4784.52 515.848 99.8355 79.1965 72.0627 4771.23 4470.07 392.873 327.1 65.7734 25.7689 193.369 17.4636 10.2495 147.104
internal_count=27595 442 308 285 134 119 27153 5556 3225 2331 275 3062 2056 118 106 21597 1938 311 250 233 21534 19990 1680 1331 349 183 800 166 53 616
is_linear=0
shrinkage=0.05


Tree=20
num_leaves=31
num_cat=0
split_feature=6 9 0 7 5 9 1 0 8 6 9 1 0 0 0 6 0 9 2 3 8 1 9 9 0 1 8 1 8 9
split_gain=4.66398 3.85514 5.98156 4.27425 4.55548 4.14807 6.45273 3.55641 6.02266 3.94419 3.28766 3.27598 3.24323 4.55772 2.92168 5.74557 2.83497 3.14664 2.28821 2.25822 3.90883 1.96749 1.95442 3.60941 3.18442 3.04822 2.67827 2.15031 11.1743 4.49299
threshold=4.5000000000000009 0.69976224477417459 51.500000000000007 1.5000000000000002 0.089388264669163553 1.1192594725008247 12.500000000000002 121.50000000000001 0.47727272727272735 19.500000000000004 0.85532235728788863 10.500000000000002 267.50000000000006 195.50000000000003 13.500000000000002 5.5000000000000009 72.500000000000014 2.0796430235653149 2.5000000000000004 0.16034271725826196 0.44949494949494956 8.5000000000000018 -0.019504156912129946 -0.34457527099143564 188.50000000000003 11.500000000000002 0.91287878787878796 2.5000000000000004 0.23611111111111113 0.33747617755079873
decision_type=2 2 2 2 2 2 2 2 2 2 2 2 2 2 2 2 2 2 2 2 2 2 2 2 2 2 2 2 2 2
left_child=-1 14 5 10 7 -3 -7 -5 -9 -10 -4 12 13 -12 -2 -16 -13 -18 -6 20 -19 -14 23 26 -25 27 -17 29 -29 -24
right_child=1 2 3 4 18 6 -8 8 9 -11 11 16 21 -15 15 22 17 19 -20 -21 -22 -23 25 24 -26 -27 -28 28 -30 -31
leaf_value=-0.00086170472656182061 -0.028316135767534136 0.076028668702486951 -0.048059812845654526 0.050237123684796152 0.070536764709299538 -0.044147764145660802 0.049088329200602729 0.030612510401559184 -0.061270962114637707 0.00047833233857268501 0.012373749254763542 -0.062091756992761649 -0.034533887375119428 0.073319481544822124 0.039023102622781469 0.014783479724428707 0.028649757923202585 -0.00065037258394844198 0.023630490911529269 0.0043884761035071556 -0.065518549495753531 0.012654819914553384 0.0023146066544622967 -0.0079977016751424743 -0.041419444371318212 0.02873739935168991 -0.037688879220923205 -0.037909901164923501 0.014292978840912674 -0.019108810060928468
leaf_weight=4429.1347440959653 8.1265058387070876 5.4206331409513941 3.5342343095690003 4.2289518918842104 5.5189658161252719 2.6847179089672846 6.0098946848884225 8.6241040620952862 4.4849452080670726 6.1078144228085876 19.611177724786106 2.5613241009414223 4.9614274557679874 3.6364367401693007 10.267652552574871 19.302781086298641 4.9188282471150186 4.6344755310565251 4.9158948305994272 7.0409083091653875 4.6548738749697804 3.9815368158742785 1480.8340729097836 24.549318127334118 10.04261854290962 10.457702757790683 2.7823580075055352 18.905481870286167 22.393620021641254 24.884891078341752
leaf_count=20414 42 12 26 38 19 42 34 27 49 18 155 50 39 23 33 165 17 36 22 25 106 18 5797 43 22 29 21 88 71 114
internal_value=-2.29115e-11 0.00219335 0.0113634 0.00677941 0.0209569 0.0417006 0.0202989 0.00872567 -0.000409529 -0.0256661 -0.00128883 0.0016629 0.0120636 0.021907 0.00158935 0.00173896 -0.0123983 -0.0064084 0.0484391 -0.0169682 -0.0331557 -0.0135248 0.00150179 -0.00761859 -0.0177006 0.00183369 0.00817284 0.00165182 -0.00960392 0.00196054
internal_weight=6169.21 1740.08 107.531 93.4159 33.8807 14.1152 8.69461 23.4458 19.2169 10.5928 59.5352 56.001 32.1906 23.2476 1632.55 1624.42 23.8104 21.2491 10.4349 16.3303 9.28935 8.94296 1614.15 56.6771 34.5919 1557.48 22.0851 1547.02 41.2991 1505.72
internal_count=27595 7181 756 668 173 88 76 132 94 67 495 469 235 178 6425 6383 234 184 41 167 142 57 6350 251 65 6099 186 6070 159 5911
is_linear=0
shrinkage=0.05


Tree=21
num_leaves=31
num_cat=0
split_feature=6 6 9 0 0 9 9 0 6 9 6 0 0 9 0 1 4 0 9 1 6 0 0 1 0 0 0 0 6 9
split_gain=3.4604 3.89196 3.60306 4.72614 3.59651 3.91305 5.86745 3.63354 4.60585 5.18321 3.65069 4.10816 3.53779 3.40856 3.21592 3.09515 3.98484 2.78513 2.72053 2.64182 3.57556 2.62286 2.81886 5.11404 2.38162 6.61078 6.28038 4.05662 4.1837 3.54881
threshold=4.5000000000000009 5.5000000000000009 0.48160870687019458 51.500000000000007 104.50000000000001 0.71254648527170261 2.3789178390359491 267.50000000000006 13.500000000000002 1.7097370285999423 15.500000000000002 238.50000000000003 179.50000000000003 3.6927662820262284 399.50000000000006 8.5000000000000018 0.13840996168582378 108.50000000000001 0.64086858790712531 3.5000000000000004 16.500000000000004 50.500000000000007 37.500000000000007 11.500000000000002 317.50000000000006 324.50000000000006 289.50000000000006 274.50000000000006 13.500000000000002 0.10533854729096132
decision_type=2 2 2 2 2 2 2 2 2 2 2 2 2 2 2 2 2 2 2 2 2 2 2 2 2 2 2 2 2 2
left_child=-1 -2 24 21 5 -5 -7 10 9 -9 11 15 -12 -8 -11 16 18 -17 -6 -10 -21 22 -4 -24 26 -26 27 -3 -29 -27
right_child=1 2 3 4 7 6 13 8 19 14 12 -13 -14 -15 -16 17 -18 -19 -20 20 -22 -23 23 -25 25 29 -28 28 -30 -31
leaf_value=-0.00074717038573516149 0.032349872825054214 0.0016216297568804523 0.054408939783528204 -0.078398245931935229 0.054607467470483041 0.016998286175000456 -0.090307767522797233 -0.065752592286931907 0.043051422461638907 -0.028670811707917021 0.010838636213929526 0.052190077594707757 -0.060030637556857218 -0.017874204955059862 0.026659885994534283 0.038089957170423842 0.06366087504685701 -0.017015521382943339 0.0060925005868758255 -0.037201304422202819 0.024539630034069868 0.072294636908873069 -0.057438343387893623 0.037943638494886509 -0.053492101349660648 -0.0010386861059978486 0.022150179462140589 -0.038219578780404218 0.0061153992358689412 -0.036657431071760241
leaf_weight=4399.2159268297255 10.420755259692667 1339.0099128473084 4.3833631470333767 1.9880563383922005 3.5912953130900922 12.228219081647696 2.2387066343799216 4.7160948198288706 5.8372905526775858 5.5932328486815077 5.3620814119931302 10.208747384138404 2.6221328927204013 5.9167030367534608 4.9503903470467776 3.0173950796015552 5.6262843881268045 9.5505000785924477 14.78988156840205 3.8272558106109482 6.0547188093187287 3.8556174600962541 2.2710726773366332 3.6864043981768191 6.5015571136027566 199.49817456584424 36.998204537667334 12.968472301959993 9.0237640384584648 7.247064587660133
leaf_count=20414 36 5290 42 18 10 86 27 36 17 48 31 37 30 83 33 9 22 101 84 31 30 8 24 26 18 790 125 41 20 28
internal_value=-6.73398e-12 0.00188474 0.00170161 0.00997487 0.00641346 -0.0114399 -0.00490934 0.0110715 -0.0026139 -0.0221813 0.0188124 0.0241453 -0.0124359 -0.0377576 -0.00269221 0.0163175 0.0268414 -0.00378538 0.0155713 0.0163815 0.000627572 0.0370982 0.0239751 0.00158271 0.00107356 -0.00384839 0.00182434 0.00127179 -0.0200282 -0.00228723
internal_weight=6143.2 1743.98 1733.56 122.315 108.119 22.3717 20.3836 85.7473 30.979 15.2597 54.7683 46.7841 7.98421 8.15541 10.5436 36.5754 24.0075 12.5679 18.3812 15.7193 9.88197 14.1965 10.3408 5.95748 1611.25 213.247 1398 1361 21.9922 206.745
internal_count=27595 7181 7145 833 733 214 196 519 195 117 324 263 61 110 81 226 116 110 94 78 61 100 92 50 6312 836 5476 5351 61 818
is_linear=0
shrinkage=0.05


Tree=22
num_leaves=31
num_cat=0
split_feature=9 0 5 6 9 9 0 9 6 4 9 5 9 7 0 1 0 6 7 6 3 6 7 0 0 8 0 1 0 0
split_gain=2.53198 3.12278 4.24191 2.50859 3.65178 4.72666 4.31749 3.73551 2.58568 2.38561 2.65229 2.69676 2.3844 2.81659 2.4454 2.32084 1.97057 4.9566 4.82274 4.42184 3.56449 2.76564 2.76547 3.04597 2.97189 2.68083 2.35667 2.21885 8.45967 2.20676
threshold=5.19233148440067 58.500000000000007 0.25265957446808512 4.5000000000000009 0.69976224477417459 1.1192594725008247 56.500000000000007 1.3019309510926924 5.5000000000000009 0.23973727422003285 7.0274215047880197 0.16807909604519777 0.96179332482331259 1.5000000000000002 69.500000000000014 18.500000000000004 41.500000000000007 11.500000000000002 1.5000000000000002 9.5000000000000018 0.062996031746031758 7.5000000000000009 1.0000000180025095e-35 31.500000000000004 21.500000000000004 0.15476190476190479 16.500000000000004 2.5000000000000004 80.500000000000014 33.500000000000007
decision_type=2 2 2 2 2 2 2 2 2 2 2 2 2 2 2 2 2 2 2 2 2 2 2 2 2 2 2 2 2 2
left_child=3 -2 9 -1 8 6 -6 -7 -5 10 -3 -12 13 14 -8 -9 17 18 19 22 25 -20 23 -10 26 27 -24 -18 -29 -21
right_child=1 2 -4 4 5 7 12 15 16 -11 11 -13 -14 -15 -16 -17 20 -19 21 29 -22 -23 24 -25 -26 -27 -28 28 -30 -31
leaf_value=-0.00071753374440838315 0.026204945529805065 0.016075270500931806 0.024973918630292163 0.026392689449109955 0.072405213397908938 -0.049544354061709074 0.017383063249938657 0.010250310464515024 -0.04322724373636281 -0.079055728929875502 -0.060028906492408274 0.052105712375257685 0.044000674920245939 0.030116188914270193 -0.040836660601851316 -0.021867555662913485 9.4519408774802833e-05 -0.033675778312616762 0.042390382330068761 0.036264800521803642 -0.036439434139856522 0.0015845093043638646 0.052798126412125362 0.0049683007179998897 0.00084025045075053744 0.011851130379822754 0.012324377517129483 -0.075294168065647413 0.0090069442293841534 -0.00027181838089310704
leaf_weight=4362.4849024798605 20.341787483310327 3.8659499206114578 7.6551045619416973 9.9680445045232755 4.7487133517861393 3.1062234267592421 3.3655062615871447 51.479552180040628 6.9057004745118302 1.6813565955962984 3.3455799302319069 0.63849783781915892 6.8731724470853797 7.340688843280077 3.8864744547754526 6.3145321384072295 1322.4228859521681 7.9566622965503475 13.780521010048689 14.931795664131643 6.6293805204331866 5.9430514350533477 4.4493230293737751 6.2411951161921024 148.04672018322162 48.565007463097572 18.766342052724212 4.5884844604879609 8.4681786326691491 5.7143226377665988
leaf_count=20184 134 91 34 35 12 41 11 329 43 49 124 10 31 15 36 69 5179 38 47 47 29 24 29 43 594 149 80 30 33 25
internal_value=6.10074e-11 0.0129475 -0.00274395 -7.9878e-05 0.00153696 0.0115115 0.0292632 0.0038703 0.00100498 -0.0250055 -0.0134287 -0.0420579 0.0197192 0.00828263 -0.013818 0.00674114 0.000849094 0.00510737 0.0064802 0.00420879 0.000136452 0.0300949 0.00175202 -0.0203475 0.00344848 0.000311645 0.0200812 -0.00010799 -0.0206189 0.0261524
internal_weight=6120.51 37.5283 17.1865 6082.98 1720.49 87.1149 26.2146 60.9003 1633.38 9.53138 7.85003 3.98408 21.4658 14.5927 7.25198 57.7941 1623.41 232.736 224.779 205.055 1390.67 19.7236 184.409 13.1469 171.262 1384.04 23.2157 1335.48 13.0567 20.6461
internal_count=27595 442 308 27153 6969 544 105 439 6425 274 225 134 93 62 47 398 6390 970 932 861 5420 71 789 86 703 5391 109 5242 63 72
is_linear=0
shrinkage=0.05


Tree=23
num_leaves=31
num_cat=0
split_feature=9 9 0 0 0 9 8 9 9 9 9 9 4 2 0 0 9 0 0 0 1 0 3 6 4 0 9 9 9 0
split_gain=2.29629 4.35055 3.16377 6.02715 4.55071 4.42659 8.39283 4.0919 3.51993 4.91494 3.40613 3.95624 3.40888 4.32106 3.5803 3.67324 2.56458 4.42793 3.96153 2.47251 4.83834 3.52632 2.99239 2.85561 5.8571 2.8409 2.70714 2.50296 2.42086 2.32954
threshold=0.69976224477417459 0.66513628185874618 33.500000000000007 32.500000000000007 9.5000000000000018 0.73567343539315366 0.29285714285714287 0.90152850458953759 0.84149908586305899 0.92755898967769157 1.1192594725008247 1.3019309510926924 0.07417582417582419 1.5000000000000002 236.50000000000003 39.500000000000007 0.85532235728788863 87.500000000000014 65.500000000000014 61.500000000000007 7.5000000000000009 68.500000000000014 0.39565217391304358 3.5000000000000004 0.12250000000000001 57.500000000000007 2.3102750179335718 2.3102750179335718 7.0274215047880197 73.500000000000014
decision_type=2 2 2 2 2 2 2 2 2 2 2 2 2 2 2 2 2 2 2 2 2 2 2 2 2 2 2 2 2 2
left_child=1 -1 3 4 -2 -6 8 -8 -7 -10 12 -12 14 -14 15 -4 17 -17 -18 20 25 26 29 24 -22 27 -21 -13 -9 -23
right_child=2 -3 10 -5 5 6 7 28 9 -11 11 19 13 -15 -16 16 18 -19 -20 21 23 22 -24 -25 -26 -27 -28 -29 -30 -31
leaf_value=-0.00016966724221421936 0.027940185673338887 -0.041826083143247393 0.064616749426234507 -0.084295357771186893 0.023250869649201391 -0.082757660678698622 -0.06179586412462898 0.00073146623500755341 0.028272961406945876 -0.042095015745804487 -0.033003605049479086 -0.011381379707867664 -0.074463137505548158 0.031412581282474754 0.055377194476317337 0.0098167209033005673 -0.012748361305007739 -0.062665593029625863 0.036974725818703688 -0.074924787007477484 -0.048354514698181902 0.042237669071137768 0.054582577630859823 0.020742771260501197 0.012229698506823454 0.074066688907704833 -0.0027255714402409899 0.048967481518101867 0.043089734679155375 0.00025275894609211997
leaf_weight=5807.4796007127734 11.66980654094368 6.2746528265997759 3.6666036378592244 2.2360736271366468 11.429163060151039 3.6256870562210706 2.4812355563044539 41.968841567868367 3.1007283329963675 12.424990942236034 6.7901813746429971 2.9754255181178433 2.0702796885743733 1.802936998195946 7.425373062491416 9.5317319948226231 5.583870054222646 2.7050240021198979 14.173901719739659 2.5893901055678716 5.942371743964034 3.4467352778883642 2.7958795716986051 17.281096250750124 12.138379202922804 4.5769408736377954 2.603973118821159 4.066006351262331 3.6679276218637815 79.713932652841322
leaf_count=25129 47 32 18 26 39 37 21 347 16 257 79 34 27 18 24 100 33 20 47 24 103 45 14 144 74 9 50 20 23 738
internal_value=-3.78631e-11 -0.000214626 0.00438612 -0.00320389 -0.00119736 -0.00551802 -0.0104059 0.00073608 -0.0384001 -0.0280414 0.00804918 0.00425704 0.0197519 -0.0251792 0.023791 0.0172141 0.0117817 -0.00620602 0.0229222 0.0060887 0.0154065 0.00128612 0.00370346 0.00620912 -0.00768175 0.0433999 -0.0387238 0.0234665 0.00413589 0.00199289
internal_weight=6098.24 5813.75 284.484 92.6045 90.3684 78.6986 67.2694 48.118 19.1514 15.5257 191.88 144.92 46.9597 3.87322 43.0865 35.6611 31.9945 12.2368 19.7578 138.13 46.9802 91.1499 85.9565 35.3618 18.0808 11.6184 5.19336 7.04143 45.6368 83.1607
internal_count=27595 25161 2434 813 787 740 701 391 310 273 1621 1334 287 45 242 218 200 120 80 1255 384 871 797 321 177 63 74 54 370 783
is_linear=0
shrinkage=0.05


Tree=24
num_leaves=31
num_cat=0
split_feature=9 8 0 9 0 8 9 1 9 1 9 0 1 0 0 9 9 8 9 9 9 1 9 1 2 1 2 6 0 3
split_gain=2.86923 2.88547 3.60089 4.03683 7.35002 5.35721 4.44116 3.0407 5.37109 2.92152 2.86323 2.415 3.05289 2.47102 6.30739 2.33003 3.26596 2.2999 2.24252 5.93426 3.89356 2.20995 2.18662 2.15506 3.80883 3.82799 3.49455 2.15346 2.19298 2.09729
threshold=0.71254648527170261 1.0000000180025095e-35 41.500000000000007 2.457349258654133 32.500000000000007 0.38750000000000007 3.1108003293787863 7.5000000000000009 1.0191532350290518 10.500000000000002 4.3491605784367637 143.50000000000003 7.5000000000000009 55.500000000000007 44.500000000000007 0.9401366177351812 1.1387606952295435 0.72077922077922085 0.60022952891109838 0.61775183344681406 0.62263151748059697 6.5000000000000009 1.1575392958267225 8.5000000000000018 1.5000000000000002 3.5000000000000004 1.0000000180025095e-35 5.5000000000000009 28.500000000000004 0.16034271725826196
decision_type=2 2 2 2 2 2 2 2 2 2 2 2 2 2 2 2 2 2 2 2 2 2 2 2 2 2 2 2 2 2
left_child=18 -2 3 4 7 -5 -7 8 -3 11 -8 12 21 14 -14 -9 -17 -15 -1 -20 -21 -4 -10 24 25 -13 -25 28 -22 -18
right_child=1 2 9 5 -6 6 10 15 22 -11 -12 23 13 17 -16 16 29 -19 19 20 27 -23 -24 26 -26 -27 -28 -29 -30 -31
leaf_value=-0.00015189954755258958 0.015415851667320249 -0.09526942757085885 0.021385270014126295 -0.062862813292730357 -0.072008950170284733 0.056985460862811699 -0.026461881000972121 0.022929007736018022 0.0088220838570733755 -0.00016771302888782388 0.017899274428680129 0.0072254508023804429 0.016920872322595881 0.045944471628895547 -0.089166593133901031 -0.065192557676468574 -0.013864892718623539 0.0036967845403938215 -0.04717193620631794 0.036583834872383196 -0.005359958914495918 0.051592631332399254 -0.038738135718962174 0.057070228201378463 0.019693947676259038 -0.051276508408969468 -0.011613470218487366 0.013454292021536416 -0.040578019005655261 0.02283375635325878
leaf_weight=5780.9125285713235 53.601793588604778 2.4654972227290264 17.617435397580266 2.3299693195149329 5.1478018439374855 5.2634434308856752 5.2076752344146398 8.2212160592898744 5.3476722007617337 73.687297767028213 12.063102943124248 4.9909288436174446 3.9874349220190224 4.7669631177559468 2.1600604922277853 2.2688935389742282 11.465968637610787 9.9356070326175541 9.2335205134004337 5.5099017694592503 11.772304022335453 9.2252912782132643 4.4094207277521491 3.9288448654115191 7.8817818091483778 6.3587643202627078 3.5032407571561635 7.2671863976865998 7.0777615727856746 5.8945524245500556
leaf_count=25032 415 25 131 99 62 35 41 35 25 693 94 33 25 73 33 45 125 68 32 16 37 55 89 30 44 84 28 26 44 21
internal_value=-1.91746e-11 0.00502201 0.00246788 -0.00686896 -0.015767 0.00931409 0.016777 -0.00854216 -0.0293327 0.00688803 0.00452301 0.0138803 0.0206178 0.0062643 -0.0203553 0.000582023 -0.00877737 0.0173946 -0.000234402 -0.0119067 -0.00161103 0.0317669 -0.0126713 0.00182891 -0.00700779 -0.0255508 0.024695 -0.00966893 -0.0185835 -0.00140432
internal_weight=6093.5 271.731 218.129 70.0852 45.221 24.8642 22.5342 40.0732 12.2226 148.044 17.2708 74.3564 47.6928 20.8501 6.1475 27.8506 19.6294 14.7026 5821.77 40.8607 31.6272 26.8427 9.75709 26.6636 19.2315 11.3497 7.43209 26.1173 18.8501 17.3605
internal_count=27595 2408 1993 696 427 269 170 365 139 1297 135 604 385 199 58 226 191 141 25187 155 123 186 114 219 161 117 58 107 81 146
is_linear=0
shrinkage=0.05


Tree=25
num_leaves=31
num_cat=0
split_feature=9 1 8 3 9 6 0 0 0 9 9 9 0 6 0 6 0 0 6 6 0 0 6 6 0 6 0 0 0 9
split_gain=3.08897 2.68545 4.70871 4.15322 2.28419 1.97237 1.80817 5.86998 2.95022 2.7799 5.92144 2.65194 1.83116 1.77299 3.13844 2.85303 2.14162 5.73247 8.79895 2.12253 3.84057 2.99116 3.00282 2.59711 2.84505 6.99674 2.11795 3.28132 6.74974 6.68189
threshold=0.69976224477417459 9.5000000000000018 0.19090909090909094 0.5634920634920636 18.633046025206912 31.000000000000004 35.500000000000007 18.500000000000004 37.500000000000007 0.75095783570415031 0.79073507333779591 0.84149908586305899 32.500000000000007 23.500000000000004 161.50000000000003 25.500000000000004 350.50000000000006 399.50000000000006 7.5000000000000009 7.5000000000000009 534.50000000000011 430.50000000000006 13.500000000000002 12.500000000000002 556.50000000000011 9.5000000000000018 159.50000000000003 190.50000000000003 195.50000000000003 0.1558396710524558
decision_type=2 2 2 2 2 2 2 2 2 2 2 2 2 2 2 2 2 2 2 2 2 2 2 2 2 2 2 2 2 2
left_child=5 6 -3 4 -4 13 7 -2 -8 -10 -11 -12 -9 16 -15 -16 26 18 -18 20 -19 22 -21 24 25 -23 -1 29 -29 -28
right_child=1 2 3 -5 -6 -7 8 12 9 10 11 -13 -14 14 15 -17 17 19 -20 21 -22 23 -24 -25 -26 -27 27 28 -30 -31
leaf_value=-0.00042157565916829226 0.019429240681719445 -0.070070775562180179 0.0012673314242344557 -0.06332699513141396 0.042583216159037179 -0.032451792619906127 0.074693607596135789 -0.0097335953108309559 -0.033527693815908727 0.075416878981662938 -0.037642225896262829 0.013096373210495364 -0.056172096397567255 -0.023746228153525131 0.041389954997935852 0.0079329997444937198 -0.075705787722889051 -0.0055298273033623363 -0.01054072900198556 0.024939605352693517 0.041854374133256218 -0.0091227075775528223 -0.010384267254654436 -0.0014278581196981884 -0.0058702806829323958 -0.076587522481655651 0.011182545194514712 -0.030634505758589045 0.0019259616412372522 -0.043763658517564315
leaf_weight=5145.7052130490774 26.090386332245544 2.3662589550949624 116.92736601247452 2.4486734047532073 3.4438523342832914 4.7496679982868946 1.9532503318041552 25.403690420440402 3.1551078986376515 3.7865105555392793 2.6573466323316088 83.401103392941877 2.3163592988857991 5.9713776386342934 8.1754348608665151 28.885311202146113 6.8720367131754783 10.082778030075135 21.040322976419702 15.335970757529141 7.4256947189569464 10.386780975852163 9.9002523561939579 53.572273228084669 19.506049961550161 6.1001416021026662 146.86383271613158 16.835304117761552 291.61632854305208 5.7496574334800234
leaf_count=22406 203 120 1041 34 25 34 9 243 30 14 23 654 38 34 29 81 49 39 112 45 21 34 28 196 120 41 569 60 1245 18
internal_value=-4.23753e-11 0.00518853 -0.000207984 0.001138 0.00244939 -0.000244446 0.00972975 0.0024072 0.0138795 0.0126022 0.0142222 0.0115296 -0.0136141 -0.000218117 0.00989331 0.0153135 -0.000293566 -0.00599339 -0.0265844 -0.00164947 0.0145668 -0.00412263 0.0110819 -0.00840672 -0.0187941 -0.0340846 -0.000130685 0.0031158 0.00014881 0.00911247
internal_weight=6088.72 273.95 125.186 122.82 120.371 5814.77 148.764 53.8104 94.9533 93.0001 89.845 86.0585 27.72 5810.02 43.0321 37.0607 5766.99 160.222 27.9124 132.31 17.5085 114.801 25.2362 89.5652 35.993 16.4869 5606.77 461.065 308.452 152.613
internal_count=27595 2434 1220 1100 1066 25161 1214 484 730 721 691 677 281 25127 144 110 24983 685 161 524 60 464 73 391 195 75 24298 1892 1305 587
is_linear=0
shrinkage=0.05


Tree=26
num_leaves=31
num_cat=0
split_feature=9 1 5 8 0 9 0 0 0 6 6 1 0 0 0 7 0 0 6 6 0 0 0 7 6 0 0 0 0 0
split_gain=2.59963 2.26625 3.76099 3.81809 2.14154 2.1333 2.12933 3.76545 3.30707 3.2544 4.003 3.99084 2.92605 5.46475 2.91968 6.47707 7.35752 3.99022 3.19505 2.96196 4.9097 4.48833 4.41603 3.09802 10.666 8.91104 12.0461 5.92843 5.42638 4.21858
threshold=0.69976224477417459 9.5000000000000018 0.35107376283846875 0.19090909090909094 754.00000000000011 18.633046025206912 159.50000000000003 138.50000000000003 139.50000000000003 13.500000000000002 11.500000000000002 4.5000000000000009 112.50000000000001 116.50000000000001 190.50000000000003 1.5000000000000002 181.50000000000003 167.50000000000003 7.5000000000000009 13.500000000000002 236.50000000000003 267.50000000000006 608.00000000000011 1.5000000000000002 7.5000000000000009 258.50000000000006 285.50000000000006 208.50000000000003 430.50000000000006 238.50000000000003
decision_type=2 2 2 2 2 2 2 2 2 2 2 2 2 2 2 2 2 2 2 2 2 2 2 2 2 2 2 2 2 2
left_child=4 -2 3 -3 6 -5 7 12 -9 10 11 -10 -1 -14 15 16 17 -8 -19 22 -21 -22 23 27 25 -25 -27 -16 -29 -26
right_child=1 2 -4 5 -6 -7 14 8 9 -11 -12 -13 13 -15 19 -17 -18 18 -20 20 21 -23 -24 24 29 26 -28 28 -30 -31
leaf_value=-0.00054733255744978521 0.0089283873042338268 -0.065206069550281756 -0.052698334615380954 0.0012895568275302373 -0.014322620382183871 0.042192020886551551 0.0072526676624409597 -0.041527573054947343 -0.0090733645583241981 -0.028610682900040142 0.037058867917497886 0.037314981531908591 0.021481312084469524 0.0014512115250020154 -0.020557675053942345 0.023558828782719355 0.020683208644042987 -0.03276612056578148 -0.0058160467688036345 -0.022095076503235167 0.031490364729096769 0.0056691055463560297 0.031676663815262483 0.028069325497018002 -0.046967573078372904 -0.090127800504640365 0.0050370376308794705 0.0060095036737689957 -0.025745999020619404 -0.016221936461168356
leaf_weight=4814.477494200808 148.85830220556818 2.124850512482225 3.3212027484551063 116.33498238888569 26.813592474441975 3.2776273991912594 30.177033986954484 7.538782058749347 79.20637904398609 15.235355762299148 5.6665356047451487 4.9247365780174723 42.486478612758219 171.53048121230677 29.360182065051049 48.987256963038817 35.226418124511838 17.763615461997688 28.873286806046963 13.34420293709263 20.045662898570299 104.89230340369977 9.4651051219552738 24.889056485611945 15.066691694315521 4.3894189884886172 13.716808927711098 175.85163381427992 14.567189745837821 42.992266494198702
leaf_count=21190 1214 120 36 1043 136 21 106 34 337 52 23 12 150 653 238 146 102 137 113 72 60 351 61 83 66 22 48 679 83 207
internal_value=2.64769e-11 0.00475984 -0.000202023 0.00123016 -0.00022489 0.00241037 -0.000159385 -0.000495499 -0.0095394 -0.00724344 -0.00361821 -0.00635796 -0.000293036 0.00542757 0.00258516 0.0083934 0.00176263 -0.00691423 -0.0160811 0.000589159 0.00673297 0.009812 -0.001983 -0.00297601 -0.0102219 0.00865449 -0.0180334 0.000355617 0.00358018 -0.0242006
internal_weight=6071.4 273.917 125.059 121.737 5797.49 119.613 5770.67 5141.07 112.572 105.033 89.7977 84.1311 5028.49 214.017 629.608 161.028 112.04 76.8139 46.6369 468.581 138.282 124.938 330.298 320.833 101.054 42.9953 18.1062 219.779 190.419 58.059
internal_count=27595 2434 1220 1184 25161 1064 25025 22451 458 424 372 349 21993 803 2574 604 458 356 250 1970 483 411 1487 1426 426 153 70 1000 762 273
is_linear=0
shrinkage=0.05


Tree=27
num_leaves=31
num_cat=0
split_feature=6 6 9 0 7 5 9 0 6 1 9 2 9 0 0 0 9 0 1 0 0 0 0 0 6 0 0 9 0 0
split_gain=2.73382 3.69495 3.03019 4.60177 2.80353 3.39125 2.82168 2.49926 3.20183 2.17047 2.67822 2.10993 2.07363 1.93878 6.89359 3.37797 8.21822 5.65274 6.52771 3.58447 3.14955 5.2509 2.47273 3.99316 4.64816 3.48925 3.39394 2.2222 2.11907 1.92553
threshold=4.5000000000000009 5.5000000000000009 0.68019191233118181 51.500000000000007 1.5000000000000002 0.089388264669163553 2.3789178390359491 106.50000000000001 13.500000000000002 2.5000000000000004 1.8202047010996059 2.5000000000000004 3.6927662820262284 208.50000000000003 221.50000000000003 114.50000000000001 0.1558396710524558 130.50000000000003 6.5000000000000009 188.50000000000003 101.50000000000001 102.50000000000001 229.50000000000003 271.50000000000006 3.5000000000000004 240.50000000000003 289.50000000000006 5.19233148440067 197.50000000000003 137.50000000000003
decision_type=2 2 2 2 2 2 2 2 2 2 2 2 2 2 2 2 2 2 2 2 2 2 2 2 2 2 2 2 2 2
left_child=13 -2 -3 9 6 -6 -5 12 -9 -4 -11 -7 -8 15 -15 20 17 -17 19 29 27 -22 -16 24 -24 -26 -25 -1 -21 -19
right_child=1 2 3 4 5 11 7 8 -10 10 -12 -13 -14 14 22 16 -18 18 -20 28 21 -23 23 26 25 -27 -28 -29 -30 -31
leaf_value=-0.00071955835041617126 0.033634900552858372 0.00099900253523132728 0.069478472952794842 0.0086990728905450756 0.0069655064017242951 0.065126197663033611 -0.086809787094068627 0.0027245888376922003 -0.063408360784785733 -0.027719537094690688 0.039548622876119488 0.018632882764363198 -0.021855310703317921 -0.057892261006929215 0.026050686996027646 0.021348638099665904 -0.040069780639645239 -0.020764234273405461 0.068646740187065375 0.037533442310778271 -0.054842070037226492 -0.0070047170169411851 0.0079472341397624924 0.028995538535462512 -0.0069442172388566375 -0.066765763323478652 -0.0079687335076523962 0.015410753277225554 0.0016511170011094746 -0.0013237902957192625
leaf_weight=4039.2426112772664 9.0115978308022004 1585.3684040345252 3.8857915913686147 32.896853478625417 22.123856205260385 4.9793536872602981 1.8336068592034305 15.858109708526174 2.0690055652521542 1.9123036516830305 6.5405586550477892 4.7853365717455745 3.7246234284248203 6.5866424725390962 6.1960578793659797 59.188124331412837 8.9477676481474173 16.260120155289769 3.5032324455678454 8.5262145129963773 6.2809452721849075 66.16577073559165 6.149406308075414 9.1072538448497671 3.6912365066818893 7.1770488098263741 19.518911090679467 21.46538802026771 7.9520604831632218 58.790918996557593
leaf_count=18756 36 6383 11 205 133 19 26 144 56 33 45 22 68 29 24 184 118 55 15 119 25 288 33 27 22 48 81 175 42 373
internal_value=3.93684e-11 0.00170367 0.00153299 0.00994743 0.00594947 0.0177981 -0.000751853 -0.0139901 -0.00490795 0.0385488 0.0243304 0.0423414 -0.0432832 -0.000663114 -0.00970994 -0.000540084 0.00651614 0.00921902 0.00166446 -0.000899251 -0.00081865 -0.0111521 -0.00358802 -0.00761142 -0.0267923 -0.0464483 0.00379124 -0.000634292 0.0202174 -0.00553564
internal_weight=6049.74 1694.99 1685.98 100.609 88.2707 31.8885 56.3822 23.4853 17.9271 12.3387 8.45286 9.76469 5.55823 4354.75 58.4266 4296.32 163.168 154.221 95.0325 91.5293 4133.15 72.4467 51.8399 45.6439 17.0177 10.8683 28.6262 4060.71 16.4783 75.051
internal_count=27595 7181 7145 762 673 174 499 294 200 89 78 41 94 20414 264 20150 906 788 604 589 19244 313 235 211 103 70 108 18931 161 428
is_linear=0
shrinkage=0.05


Tree=28
num_leaves=31
num_cat=0
split_feature=0 0 0 0 7 0 9 6 0 0 0 9 9 9 6 1 6 0 1 6 8 7 9 0 9 9 9 6 7 0
split_gain=2.29623 7.24924 6.52931 4.90906 6.2716 4.51066 5.18366 5.00004 4.13685 4.52209 3.68889 5.53677 4.88261 4.29872 3.65411 8.33419 3.26757 2.92631 5.06174 3.6213 3.05082 2.88006 2.78287 2.76463 2.61364 12.557 10.5827 8.26888 6.81897 5.50802
threshold=54.500000000000007 63.500000000000007 61.500000000000007 59.500000000000007 1.5000000000000002 58.500000000000007 0.26701082646147928 5.5000000000000009 88.500000000000014 87.500000000000014 51.500000000000007 1.465434152635255 0.10533854729096132 0.85261843656778591 5.5000000000000009 1.0000000180025095e-35 9.5000000000000018 52.500000000000007 1.0000000180025095e-35 3.5000000000000004 0.29285714285714287 1.5000000000000002 0.40768137892754192 64.500000000000014 0.30910188079125883 0.17872555364528239 0.16466928952155749 2.5000000000000004 1.0000000180025095e-35 6.5000000000000009
decision_type=2 2 2 2 2 2 2 2 2 2 2 2 2 2 2 2 2 2 2 2 2 2 2 2 2 2 2 2 2 2
left_child=10 2 3 4 -2 6 7 -6 9 23 24 12 16 -14 22 -16 17 20 19 -19 -12 -11 -5 -3 25 26 -1 -27 -26 -30
right_child=1 8 -4 14 5 -7 -8 -9 -10 21 11 -13 13 -15 15 -17 -18 18 -20 -21 -22 -23 -24 -25 28 27 -28 -29 29 -31
leaf_value=-0.00065525270985894695 0.01203868806285795 -0.020617218708479459 0.022008434696672796 0.0095561034850282986 -0.021273665305575389 0.019726183570442726 0.0060506043346037182 -0.085270135862423616 0.0014618519885807515 -0.02136852901992288 -0.022562495194543744 0.040034234682527627 -0.067952977829887184 -0.0097306194678356255 -0.049087661668727273 0.02622289009234029 -0.038918973999590045 0.027096166856063371 -0.025371079444871047 -0.0024696456532636328 0.020230444525540448 -0.086738155020738616 -0.033629585267886036 -0.0025526309282531208 -0.051378006302504789 -0.02220513265578257 0.05463958752122388 -0.095812297039472707 0.041487082986311506 0.0042989387735055447
leaf_weight=3611.3572433680529 155.31098350603133 22.479300743434578 69.425202222540975 20.472022726666186 8.4542345651425475 7.6591116972267619 8.2884569237939996 4.7765216822735956 1338.1646882003406 5.3154414268210521 30.317070875084028 5.3898416890297076 6.8409289103001338 5.9084516912698746 12.993548531085255 5.1216011219657949 7.9036606792360535 18.093476646114141 13.122881256043909 24.220921789761633 4.828283615410327 2.4669787902384996 4.5615918110124758 366.365122728399 5.298245699144899 19.105997848324481 8.6737713720649463 4.7675260026007882 10.434468522667883 217.57567290880252
leaf_count=16148 552 90 268 115 53 21 17 114 5932 67 130 36 47 68 65 40 38 70 32 104 24 9 26 1791 43 92 24 22 21 1536
internal_value=-5.59145e-11 0.00136843 0.00858564 0.00449194 0.0080429 -0.013226 -0.0249543 -0.0443774 0.000132569 -0.00435225 -0.000696186 -0.00945783 -0.0118559 -0.040971 -0.0106907 -0.0277955 -0.00808689 -0.00539668 0.00175884 0.0101726 -0.0166836 -0.0420903 0.00168686 -0.00359695 -0.000432639 -0.000761123 -0.000522764 -0.0369044 0.00469776 0.00600079
internal_weight=6025.69 2031.85 297.063 227.638 184.489 29.1783 21.5192 13.2308 1734.79 396.627 3993.84 116.626 111.236 12.7494 43.1488 18.1151 98.4863 90.5826 55.4373 42.3144 35.1454 7.78242 25.0336 388.844 3877.21 3643.9 3620.03 23.8735 233.308 228.01
internal_count=27595 9160 1271 1003 757 205 184 167 7889 1957 18435 549 513 115 246 105 398 360 206 174 154 76 141 1881 17886 16286 16172 114 1600 1557
is_linear=0
shrinkage=0.05


end of trees

feature_importances:
resume_token_len=296
bm25_score=194
resume_experience_count=123
job_token_len=94
requirements_coverage=37
resume_education_count=32
skill_f1=31
skill_precision=26
skill_recall=22
skill_overlap=15

parameters:
[boosting: gbdt]
[objective: lambdarank]
[metric: ndcg]
[tree_learner: serial]
[device_type: cpu]
[data_sample_strategy: bagging]
[data: ]
[valid: ]
[num_iterations: 400]
[learning_rate: 0.05]
[num_leaves: 31]
[num_threads: 0]
[seed: 0]
[deterministic: 0]
[force_col_wise: 0]
[force_row_wise: 0]
[histogram_pool_size: -1]
[max_depth: -1]
[min_data_in_leaf: 20]
[min_sum_hessian_in_leaf: 0.001]
[bagging_fraction: 1]
[pos_bagging_fraction: 1]
[neg_bagging_fraction: 1]
[bagging_freq: 0]
[bagging_seed: 3]
[bagging_by_query: 0]
[feature_fraction: 1]
[feature_fraction_bynode: 1]
[feature_fraction_seed: 2]
[extra_trees: 0]
[extra_seed: 6]
[early_stopping_round: 0]
[early_stopping_min_delta: 0]
[first_metric_only: 0]
[max_delta_step: 0]
[lambda_l1: 0]
[lambda_l2: 0]
[linear_lambda: 0]
[min_gain_to_split: 0]
[drop_rate: 0.1]
[max_drop: 50]
[skip_drop: 0.5]
[xgboost_dart_mode: 0]
[uniform_drop: 0]
[drop_seed: 4]
[top_rate: 0.2]
[other_rate: 0.1]
[min_data_per_group: 100]
[max_cat_threshold: 32]
[cat_l2: 10]
[cat_smooth: 10]
[max_cat_to_onehot: 4]
[top_k: 20]
[monotone_constraints: ]
[monotone_constraints_method: basic]
[monotone_penalty: 0]
[feature_contri: ]
[forcedsplits_filename: ]
[refit_decay_rate: 0.9]
[cegb_tradeoff: 1]
[cegb_penalty_split: 0]
[cegb_penalty_feature_lazy: ]
[cegb_penalty_feature_coupled: ]
[path_smooth: 0]
[interaction_constraints: ]
[verbosity: -1]
[saved_feature_importance_type: 0]
[use_quantized_grad: 0]
[num_grad_quant_bins: 4]
[quant_train_renew_leaf: 0]
[stochastic_rounding: 1]
[linear_tree: 0]
[max_bin: 255]
[max_bin_by_feature: ]
[min_data_in_bin: 3]
[bin_construct_sample_cnt: 200000]
[data_random_seed: 1]
[is_enable_sparse: 1]
[enable_bundle: 1]
[use_missing: 1]
[zero_as_missing: 0]
[feature_pre_filter: 1]
[pre_partition: 0]
[two_round: 0]
[header: 0]
[label_column: ]
[weight_column: ]
[group_column: ]
[ignore_column: ]
[categorical_feature: ]
[forcedbins_filename: ]
[precise_float_parser: 0]
[parser_config_file: ]
[objective_seed: 5]
[num_class: 1]
[is_unbalance: 0]
[scale_pos_weight: 1]
[sigmoid: 1]
[boost_from_average: 1]
[reg_sqrt: 0]
[alpha: 0.9]
[fair_c: 1]
[poisson_max_delta_step: 0.7]
[tweedie_variance_power: 1.5]
[lambdarank_truncation_level: 30]
[lambdarank_norm: 1]
[label_gain: ]
[lambdarank_position_bias_regularization: 0]
[eval_at: 3,5,10]
[multi_error_top_k: 1]
[auc_mu_weights: ]
[num_machines: 1]
[local_listen_port: 12400]
[time_out: 120]
[machine_list_filename: ]
[machines: ]
[gpu_platform_id: -1]
[gpu_device_id: -1]
[gpu_use_dp: 0]
[num_gpu: 1]

end of parameters

pandas_categorical:[]
